"sale-tag","x-link-to href","sr-only","img-responsive src","img-responsive src 2","product-name","product-sale-price","product-list-price","merchant-flags"
"Save
      
          25%","https://www.ae.com/intl/en/p/women/jeans/baggy-wide-leg-jeans/ae-dreamy-drape-strigid-low-rise-ultra-wide-leg-jean/0437_5676_471","Link to product AE Dreamy Drape Strigid Low-Rise Ultra Wide-Leg Jean","https://s7d2.scene7.com/is/image/aeo/0437_5676_471_l1?$plp-web-desktop$&fmt=jpeg","https://s7d2.scene7.com/is/image/aeo/0437_5676_471_of?$plp-web-desktop$&fmt=jpeg","AE Dreamy Drape Strigid Low-Rise Ultra Wide-Leg Jean","$44.96 USD","$59.95 USD",""
"Save
      
          25%","https://www.ae.com/intl/en/p/women/jeans/baggy-wide-leg-jeans/ae-dreamy-drape-strigid-low-rise-baggy-ultra-wide-leg-jean/0437_6042_898","Link to product AE Dreamy Drape Strigid Low-Rise Baggy Ultra-Wide Leg Jean","https://s7d2.scene7.com/is/image/aeo/0437_6042_898_of?$plp-web-desktop$&fmt=jpeg","https://s7d2.scene7.com/is/image/aeo/0437_6042_898_ob?$plp-web-desktop$&fmt=jpeg","AE Dreamy Drape Strigid Low-Rise Baggy Ultra-Wide Leg Jean","$44.96 USD","$59.95 USD","New + Online Exclusive"
"Save
      
          25%","https://www.ae.com/intl/en/p/women/jeans/flare-bootcut-jeans/ae-next-level-super-high-waisted-flare-jean/1436_6024_110","Link to product AE Next Level Super High-Waisted Flare Jean","https://s7d2.scene7.com/is/image/aeo/1436_6024_110_of?$plp-web-desktop$&fmt=jpeg","https://s7d2.scene7.com/is/image/aeo/1436_6024_110_ob?$plp-web-desktop$&fmt=jpeg","AE Next Level Super High-Waisted Flare Jean","$44.96 USD","$59.95 USD","New + Online Exclusive"
"","https://www.ae.com/intl/en/p/women/jeans/baggy-wide-leg-jeans/ae-syd-dreamy-drape-stretch-super-high-waisted-baggy-wide-leg-jean/2548_6391_958","Link to product AE Syd Dreamy Drape Stretch Super High-Waisted Baggy Wide-Leg Jean","https://s7d2.scene7.com/is/image/aeo/2548_6391_958_l1?$plp-web-desktop$&fmt=jpeg","https://s7d2.scene7.com/is/image/aeo/2548_6391_958_f?$plp-web-desktop$&fmt=jpeg","AE Syd Dreamy Drape Stretch Super High-Waisted Baggy Wide-Leg Jean","","$89.95 USD","New + Online Exclusive"
"Save
      
          25%","https://www.ae.com/intl/en/p/women/jeans/baggy-wide-leg-jeans/ae-dreamy-drape-strigid-low-rise-baggy-wide-leg-jean/0437_6054_992","Link to product AE Dreamy Drape Strigid Low-Rise Baggy Wide-Leg Jean","https://s7d2.scene7.com/is/image/aeo/0437_6054_992_of?$plp-web-desktop$&fmt=jpeg","https://s7d2.scene7.com/is/image/aeo/0437_6054_992_ob?$plp-web-desktop$&fmt=jpeg","AE Dreamy Drape Strigid Low-Rise Baggy Wide-Leg Jean","$44.96 USD","$59.95 USD","New + Online Exclusive"
"Save
      
          25%","https://www.ae.com/intl/en/p/women/jeans/baggy-wide-leg-jeans/ae-stretch-low-rise-pull-on-barrel-jean/0437_6113_001","Link to product AE Stretch Low-Rise Pull-On Barrel Jean","https://s7d2.scene7.com/is/image/aeo/0437_6113_001_of?$plp-web-desktop$&fmt=jpeg","https://s7d2.scene7.com/is/image/aeo/0437_6113_001_ob?$plp-web-desktop$&fmt=jpeg","AE Stretch Low-Rise Pull-On Barrel Jean","$44.96 USD","$59.95 USD","New + Online Exclusive"
"Save
      
          25%","https://www.ae.com/intl/en/p/women/jeans/flare-bootcut-jeans/ae-stretch-low-rise-flare-jean/1436_6164_936","Link to product AE Stretch Low-Rise Flare Jean","https://s7d2.scene7.com/is/image/aeo/1436_6164_936_of?$plp-web-desktop$&fmt=jpeg","https://s7d2.scene7.com/is/image/aeo/1436_6164_936_ob?$plp-web-desktop$&fmt=jpeg","AE Stretch Low-Rise Flare Jean","$44.96 USD","$59.95 USD","New + Online Exclusive"
"Save
      
          25%","https://www.ae.com/intl/en/p/women/jeans/stovepipe-straight-leg-jeans/ae-stretch-high-waisted-stovepipe-crop-jean/4435_6030_139","Link to product AE Stretch High-Waisted Stovepipe Crop Jean","https://s7d2.scene7.com/is/image/aeo/4435_6030_139_of?$plp-web-desktop$&fmt=jpeg","https://s7d2.scene7.com/is/image/aeo/4435_6030_139_ob?$plp-web-desktop$&fmt=jpeg","AE Stretch High-Waisted Stovepipe Crop Jean","$44.96 USD","$59.95 USD","New"
"","https://www.ae.com/intl/en/p/women/jeans/baggy-wide-leg-jeans/ae-low-rise-beachy-baggy-jean/0437_6152_915","Link to product AE Low-Rise Beachy Baggy Jean","https://s7d2.scene7.com/is/image/aeo/0437_6152_915_l1?$plp-web-desktop$&fmt=jpeg","https://s7d2.scene7.com/is/image/aeo/0437_6152_915_of?$plp-web-desktop$&fmt=jpeg","AE Low-Rise Beachy Baggy Jean","","$69.95 USD","New"
"Save
      
          25%","https://www.ae.com/intl/en/p/women/jeans/baggy-wide-leg-jeans/ae-dreamy-drape-stretch-super-high-waisted-baggy-wide-leg-jean/0437_5350_857","Link to product AE Dreamy Drape Stretch Super High-Waisted Baggy Wide-Leg Jean","https://s7d2.scene7.com/is/image/aeo/0437_5350_857_of?$plp-web-desktop$&fmt=jpeg","https://s7d2.scene7.com/is/image/aeo/0437_5350_857_ob?$plp-web-desktop$&fmt=jpeg","AE Dreamy Drape Stretch Super High-Waisted Baggy Wide-Leg Jean","$44.96 USD","$59.95 USD",""
"","https://www.ae.com/intl/en/p/women/jeans/flare-bootcut-jeans/ae-dreamy-drape-stretch-super-low-rise-baggy-flare-jean/0437_6101_459","Link to product AE Dreamy Drape Stretch Super Low-Rise Baggy Flare Jean","https://s7d2.scene7.com/is/image/aeo/0437_6101_459_l1?$plp-web-desktop$&fmt=jpeg","https://s7d2.scene7.com/is/image/aeo/0437_6101_459_of?$plp-web-desktop$&fmt=jpeg","AE Dreamy Drape Stretch Super Low-Rise Baggy Flare Jean","","$79.95 USD","New"
"Save
      
          25%","https://www.ae.com/intl/en/p/women/jeans/stovepipe-straight-leg-jeans/ae-strigid-high-waisted-stovepipe-jean/4435_5514_947","Link to product AE Strigid High-Waisted Stovepipe Jean","https://s7d2.scene7.com/is/image/aeo/4435_5514_947_l1?$plp-web-desktop$&fmt=jpeg","https://s7d2.scene7.com/is/image/aeo/4435_5514_947_of?$plp-web-desktop$&fmt=jpeg","AE Strigid High-Waisted Stovepipe Jean","$44.96 USD","$59.95 USD",""
"Save
      
          25%","https://www.ae.com/intl/en/p/women/jeans/stovepipe-straight-leg-jeans/ae-strigid-ripped-high-waisted-stovepipe-jean/4435_5012_432","Link to product AE Strigid Ripped High-Waisted Stovepipe Jean","https://s7d2.scene7.com/is/image/aeo/4435_5012_432_l2?$plp-web-desktop$&fmt=jpeg","https://s7d2.scene7.com/is/image/aeo/4435_5012_432_of?$plp-web-desktop$&fmt=jpeg","AE Strigid Ripped High-Waisted Stovepipe Jean","$52.46 USD","$69.95 USD",""
"Save
      
          25%","https://www.ae.com/intl/en/p/women/jeans/baggy-wide-leg-jeans/ae-dreamy-drape-stretch-super-high-waisted-baggy-wide-leg-jean/0437_4944_915","Link to product AE Dreamy Drape Stretch Super High-Waisted Baggy Wide-Leg Jean","https://s7d2.scene7.com/is/image/aeo/0437_4944_915_of?$plp-web-desktop$&fmt=jpeg","https://s7d2.scene7.com/is/image/aeo/0437_4944_915_ob?$plp-web-desktop$&fmt=jpeg","AE Dreamy Drape Stretch Super High-Waisted Baggy Wide-Leg Jean","$44.96 USD","$59.95 USD",""
"","https://www.ae.com/intl/en/p/women/jeans/baggy-wide-leg-jeans/ae-low-rise-beachy-baggy-jean/0437_6147_914","Link to product AE Low-Rise Beachy Baggy Jean","https://s7d2.scene7.com/is/image/aeo/0437_6147_914_l1?$plp-web-desktop$&fmt=jpeg","https://s7d2.scene7.com/is/image/aeo/0437_6147_914_of?$plp-web-desktop$&fmt=jpeg","AE Low-Rise Beachy Baggy Jean","","$69.95 USD","New"
"Save
      
          25%","https://www.ae.com/intl/en/p/women/jeans/stovepipe-straight-leg-jeans/ae-strigid-low-rise-baggy-straight-jean/0437_5324_437","Link to product AE Strigid Low-Rise Baggy Straight Jean","https://s7d2.scene7.com/is/image/aeo/0437_5324_437_of?$plp-web-desktop$&fmt=jpeg","https://s7d2.scene7.com/is/image/aeo/0437_5324_437_ob?$plp-web-desktop$&fmt=jpeg","AE Strigid Low-Rise Baggy Straight Jean","$44.96 USD","$59.95 USD","Online Exclusive"
"Save
      
          25%","https://www.ae.com/intl/en/p/women/jeans/stovepipe-straight-leg-jeans/ae-stretch-high-waisted-stovepipe-crop-jean/4435_6029_455","Link to product AE Stretch High-Waisted Stovepipe Crop Jean","https://s7d2.scene7.com/is/image/aeo/4435_6029_455_of?$plp-web-desktop$&fmt=jpeg","https://s7d2.scene7.com/is/image/aeo/4435_6029_455_ob?$plp-web-desktop$&fmt=jpeg","AE Stretch High-Waisted Stovepipe Crop Jean","$52.46 USD","$69.95 USD","New"
"Save
      
          25%","https://www.ae.com/intl/en/p/women/jeans/baggy-wide-leg-jeans/ae-dreamy-drape-strigid-low-rise-baggy-ultra-wide-leg-jean/0437_6052_910","Link to product AE Dreamy Drape Strigid Low-Rise Baggy Ultra-Wide Leg Jean","https://s7d2.scene7.com/is/image/aeo/0437_6052_910_of?$plp-web-desktop$&fmt=jpeg","https://s7d2.scene7.com/is/image/aeo/0437_6052_910_ob?$plp-web-desktop$&fmt=jpeg","AE Dreamy Drape Strigid Low-Rise Baggy Ultra-Wide Leg Jean","$52.46 USD","$69.95 USD",""
"Save
      
          25%","https://www.ae.com/intl/en/p/women/jeans/baggy-wide-leg-jeans/ae-dreamy-drape-stretch-super-high-waisted-baggy-wide-leg-jean/0437_5870_913","Link to product AE Dreamy Drape Stretch Super High-Waisted Baggy Wide-Leg Jean","https://s7d2.scene7.com/is/image/aeo/0437_5870_913_of?$plp-web-desktop$&fmt=jpeg","https://s7d2.scene7.com/is/image/aeo/0437_5870_913_f?$plp-web-desktop$&fmt=jpeg","AE Dreamy Drape Stretch Super High-Waisted Baggy Wide-Leg Jean","$44.96 USD","$59.95 USD",""
"Save
      
          25%","https://www.ae.com/intl/en/p/women/jeans/curvy-jeans/ae-dreamy-drape-strigid-curvy-super-high-waisted-baggy-wide-leg-jean/4436_6105_100","Link to product AE Dreamy Drape Strigid Curvy Super High-Waisted Baggy Wide-Leg Jean","https://s7d2.scene7.com/is/image/aeo/4436_6105_100_of?$plp-web-desktop$&fmt=jpeg","https://s7d2.scene7.com/is/image/aeo/4436_6105_100_ob?$plp-web-desktop$&fmt=jpeg","AE Dreamy Drape Strigid Curvy Super High-Waisted Baggy Wide-Leg Jean","$52.46 USD","$69.95 USD",""
"Save
      
          25%","https://www.ae.com/intl/en/p/women/jeans/stovepipe-straight-leg-jeans/ae-stretch-high-waisted-stovepipe-jean/4435_6104_100","Link to product AE Stretch High-Waisted Stovepipe Jean","https://s7d2.scene7.com/is/image/aeo/4435_6104_100_of?$plp-web-desktop$&fmt=jpeg","https://s7d2.scene7.com/is/image/aeo/4435_6104_100_ob?$plp-web-desktop$&fmt=jpeg","AE Stretch High-Waisted Stovepipe Jean","$52.46 USD","$69.95 USD",""
"Save
      
          40%","https://www.ae.com/intl/en/p/women/jeans/flare-bootcut-jeans/ae-stretch-low-rise-floral-flare-jean/1436_6044_475","Link to product AE Stretch Low-Rise Floral Flare Jean","https://s7d2.scene7.com/is/image/aeo/1436_6044_475_of?$plp-web-desktop$&fmt=jpeg","https://s7d2.scene7.com/is/image/aeo/1436_6044_475_ob?$plp-web-desktop$&fmt=jpeg","AE Stretch Low-Rise Floral Flare Jean","$47.97 USD","$79.95 USD","Online Exclusive"
"Save
      
          25%","https://www.ae.com/intl/en/p/women/jeans/flare-bootcut-jeans/ae-next-level-ripped-super-high-waisted-flare-jean/1436_5927_987","Link to product AE Next Level Ripped Super High-Waisted Flare Jean","https://s7d2.scene7.com/is/image/aeo/1436_5927_987_of?$plp-web-desktop$&fmt=jpeg","https://s7d2.scene7.com/is/image/aeo/1436_5927_987_ob?$plp-web-desktop$&fmt=jpeg","AE Next Level Ripped Super High-Waisted Flare Jean","$44.96 USD","$59.95 USD",""
"Save
      
          25%","https://www.ae.com/intl/en/p/women/jeans/baggy-wide-leg-jeans/ae-dreamy-drape-strigid-low-rise-baggy-ultra-wide-leg-jean/0437_6041_867","Link to product AE Dreamy Drape Strigid Low-Rise Baggy Ultra-Wide Leg Jean","https://s7d2.scene7.com/is/image/aeo/0437_6041_867_of?$plp-web-desktop$&fmt=jpeg","https://s7d2.scene7.com/is/image/aeo/0437_6041_867_ob?$plp-web-desktop$&fmt=jpeg","AE Dreamy Drape Strigid Low-Rise Baggy Ultra-Wide Leg Jean","$44.96 USD","$59.95 USD","Online Exclusive"
"Save
      
          25%","https://www.ae.com/intl/en/p/women/jeans/curvy-jeans/ae-strigid-curvy-super-high-waisted-baggy-straight-jean/4436_5200_780","Link to product AE Strigid Curvy Super High-Waisted Baggy Straight Jean","https://s7d2.scene7.com/is/image/aeo/4436_5200_780_of?$plp-web-desktop$&fmt=jpeg","https://s7d2.scene7.com/is/image/aeo/4436_5200_780_ob?$plp-web-desktop$&fmt=jpeg","AE Strigid Curvy Super High-Waisted Baggy Straight Jean","$44.96 USD","$59.95 USD","Online Exclusive"
"Save
      
          40%","https://www.ae.com/intl/en/p/women/jeans/baggy-wide-leg-jeans/ae-dreamy-drape-stretch-low-rise-baggy-ultra-wide-leg-jean/0437_5990_441","Link to product AE Dreamy Drape Stretch Low-Rise Baggy Ultra-Wide Leg Jean","https://s7d2.scene7.com/is/image/aeo/0437_5990_441_l1?$plp-web-desktop$&fmt=jpeg","https://s7d2.scene7.com/is/image/aeo/0437_5990_441_of?$plp-web-desktop$&fmt=jpeg","AE Dreamy Drape Stretch Low-Rise Baggy Ultra-Wide Leg Jean","$47.97 USD","$79.95 USD",""
"Save
      
          40%","https://www.ae.com/intl/en/p/women/jeans/baggy-wide-leg-jeans/ae-dreamy-drape-stretch-low-rise-baggy-wide-leg-jean/0437_5882_893","Link to product AE Dreamy Drape Stretch Low-Rise Baggy Wide-Leg Jean","https://s7d2.scene7.com/is/image/aeo/0437_5882_893_of?$plp-web-desktop$&fmt=jpeg","https://s7d2.scene7.com/is/image/aeo/0437_5882_893_ob?$plp-web-desktop$&fmt=jpeg","AE Dreamy Drape Stretch Low-Rise Baggy Wide-Leg Jean","$35.97 USD","$59.95 USD",""
"Save
      
          25%","https://www.ae.com/intl/en/p/women/jeans/flare-bootcut-jeans/ae-stretch-low-rise-floral-print-flare-jean/1436_6091_459","Link to product AE Stretch Low-Rise Floral Print Flare Jean","https://s7d2.scene7.com/is/image/aeo/1436_6091_459_l1?$plp-web-desktop$&fmt=jpeg","https://s7d2.scene7.com/is/image/aeo/1436_6091_459_of?$plp-web-desktop$&fmt=jpeg","AE Stretch Low-Rise Floral Print Flare Jean","$44.96 USD","$59.95 USD",""
"Save
      
          25%","https://www.ae.com/intl/en/p/women/jeans/flare-bootcut-jeans/ae-next-level-high-waisted-kick-bootcut-crop-jean/1437_6058_471","Link to product AE Next Level High-Waisted Kick Bootcut Crop Jean","https://s7d2.scene7.com/is/image/aeo/1437_6058_471_of?$plp-web-desktop$&fmt=jpeg","https://s7d2.scene7.com/is/image/aeo/1437_6058_471_ob?$plp-web-desktop$&fmt=jpeg","AE Next Level High-Waisted Kick Bootcut Crop Jean","$44.96 USD","$59.95 USD","Online Exclusive"
"Save
      
          25%","https://www.ae.com/intl/en/p/women/jeans/flare-bootcut-jeans/ae-next-level-high-waisted-kick-bootcut-crop-jean/1437_6059_521","Link to product AE Next Level High-Waisted Kick Bootcut Crop Jean","https://s7d2.scene7.com/is/image/aeo/1437_6059_521_of?$plp-web-desktop$&fmt=jpeg","https://s7d2.scene7.com/is/image/aeo/1437_6059_521_ob?$plp-web-desktop$&fmt=jpeg","AE Next Level High-Waisted Kick Bootcut Crop Jean","$44.96 USD","$59.95 USD","Online Exclusive"
"Save
      
          25%","https://www.ae.com/intl/en/p/women/jeans/stovepipe-straight-leg-jeans/ae-stretch-high-waisted-stovepipe-jean/4435_5922_927","Link to product AE Stretch High-Waisted Stovepipe Jean","https://s7d2.scene7.com/is/image/aeo/4435_5922_927_of?$plp-web-desktop$&fmt=jpeg","https://s7d2.scene7.com/is/image/aeo/4435_5922_927_ob?$plp-web-desktop$&fmt=jpeg","AE Stretch High-Waisted Stovepipe Jean","$37.46 USD","$49.95 USD",""
"Save
      
          25%","https://www.ae.com/intl/en/p/women/jeans/baggy-wide-leg-jeans/ae-dreamy-drape-stretch-super-high-waisted-baggy-wide-leg-jean/0437_5343_452","Link to product AE Dreamy Drape Stretch Super High-Waisted Baggy Wide-Leg Jean","https://s7d2.scene7.com/is/image/aeo/0437_5343_452_of?$plp-web-desktop$&fmt=jpeg","https://s7d2.scene7.com/is/image/aeo/0437_5343_452_ob?$plp-web-desktop$&fmt=jpeg","AE Dreamy Drape Stretch Super High-Waisted Baggy Wide-Leg Jean","$44.96 USD","$59.95 USD",""
"Save
      
          25%","https://www.ae.com/intl/en/p/women/jeans/flare-bootcut-jeans/ae-stretch-low-rise-flare-jean/1436_6023_959","Link to product AE Stretch Low-Rise Flare Jean","https://s7d2.scene7.com/is/image/aeo/1436_6023_959_of?$plp-web-desktop$&fmt=jpeg","https://s7d2.scene7.com/is/image/aeo/1436_6023_959_ob?$plp-web-desktop$&fmt=jpeg","AE Stretch Low-Rise Flare Jean","$44.96 USD","$59.95 USD",""
"Save
      
          25%","https://www.ae.com/intl/en/p/women/jeans/flare-bootcut-jeans/ae-stretch-super-low-rise-kick-bootcut-jean/1437_6118_100","Link to product AE Stretch Super Low-Rise Kick Bootcut Jean","https://s7d2.scene7.com/is/image/aeo/1437_6118_100_l1?$plp-web-desktop$&fmt=jpeg","https://s7d2.scene7.com/is/image/aeo/1437_6118_100_of?$plp-web-desktop$&fmt=jpeg","AE Stretch Super Low-Rise Kick Bootcut Jean","$52.46 USD","$69.95 USD",""
"Save
      
          25%","https://www.ae.com/intl/en/p/women/jeans/curvy-jeans/ae-stretch-curvy-high-waisted-stovepipe-jean/4431_6225_851","Link to product AE Stretch Curvy High-Waisted Stovepipe Jean","https://s7d2.scene7.com/is/image/aeo/4431_6225_851_of?$plp-web-desktop$&fmt=jpeg","https://s7d2.scene7.com/is/image/aeo/4431_6225_851_ob?$plp-web-desktop$&fmt=jpeg","AE Stretch Curvy High-Waisted Stovepipe Jean","$44.96 USD","$59.95 USD","Online Exclusive"
"Save
      
          25%","https://www.ae.com/intl/en/p/women/jeans/baggy-wide-leg-jeans/ae-dreamy-drape-stretch-low-rise-baggy-ultra-wide-leg-jean/0437_6106_167","Link to product AE Dreamy Drape Stretch Low-Rise Baggy Ultra-Wide Leg Jean","https://s7d2.scene7.com/is/image/aeo/0437_6106_167_of?$plp-web-desktop$&fmt=jpeg","https://s7d2.scene7.com/is/image/aeo/0437_6106_167_ob?$plp-web-desktop$&fmt=jpeg","AE Dreamy Drape Stretch Low-Rise Baggy Ultra-Wide Leg Jean","$44.96 USD","$59.95 USD",""
"Save
      
          25%","https://www.ae.com/intl/en/p/women/jeans/baggy-wide-leg-jeans/ae-dreamy-drape-strigid-low-rise-baggy-ultra-wide-leg-jean/0437_6053_139","Link to product AE Dreamy Drape Strigid Low-Rise Baggy Ultra-Wide Leg Jean","https://s7d2.scene7.com/is/image/aeo/0437_6053_139_l1?$plp-web-desktop$&fmt=jpeg","https://s7d2.scene7.com/is/image/aeo/0437_6053_139_of?$plp-web-desktop$&fmt=jpeg","AE Dreamy Drape Strigid Low-Rise Baggy Ultra-Wide Leg Jean","$44.96 USD","$59.95 USD",""
"Save
      
          25%","https://www.ae.com/intl/en/p/women/jeans/flare-bootcut-jeans/ae-luxe-super-high-waisted-flare-jean/1436_5838_909","Link to product AE Luxe Super High-Waisted Flare Jean","https://s7d2.scene7.com/is/image/aeo/1436_5838_909_of?$plp-web-desktop$&fmt=jpeg","https://s7d2.scene7.com/is/image/aeo/1436_5838_909_ob?$plp-web-desktop$&fmt=jpeg","AE Luxe Super High-Waisted Flare Jean","$59.96 USD","$79.95 USD",""
"Save
      
          25%","https://www.ae.com/intl/en/p/women/jeans/flare-bootcut-jeans/ae-next-level-high-waisted-kick-bootcut-crop-jean/1437_5541_506","Link to product AE Next Level High-Waisted Kick Bootcut Crop Jean","https://s7d2.scene7.com/is/image/aeo/1437_5541_506_of?$plp-web-desktop$&fmt=jpeg","https://s7d2.scene7.com/is/image/aeo/1437_5541_506_ob?$plp-web-desktop$&fmt=jpeg","AE Next Level High-Waisted Kick Bootcut Crop Jean","$37.46 USD","$49.95 USD",""
"Save
      
          25%","https://www.ae.com/intl/en/p/women/jeans/flare-bootcut-jeans/ae-next-level-super-high-waisted-flare-jean/1436_5865_927","Link to product AE Next Level Super High-Waisted Flare Jean","https://s7d2.scene7.com/is/image/aeo/1436_5865_927_l1?$plp-web-desktop$&fmt=jpeg","https://s7d2.scene7.com/is/image/aeo/1436_5865_927_of?$plp-web-desktop$&fmt=jpeg","AE Next Level Super High-Waisted Flare Jean","$44.96 USD","$59.95 USD",""
"Save
      
          25%","https://www.ae.com/intl/en/p/women/jeans/flare-bootcut-jeans/ae-next-level-high-waisted-kick-bootcut-crop-jean/1437_5531_841","Link to product AE Next Level High-Waisted Kick Bootcut Crop Jean","https://s7d2.scene7.com/is/image/aeo/1437_5531_841_of?$plp-web-desktop$&fmt=jpeg","https://s7d2.scene7.com/is/image/aeo/1437_5531_841_ob?$plp-web-desktop$&fmt=jpeg","AE Next Level High-Waisted Kick Bootcut Crop Jean","$44.96 USD","$59.95 USD",""
"Save
      
          25%","https://www.ae.com/intl/en/p/women/jeans/curvy-jeans/ae-next-level-curvy-super-high-waisted-flare-jean/4434_5977_068","Link to product AE Next Level Curvy Super High-Waisted Flare Jean","https://s7d2.scene7.com/is/image/aeo/4434_5977_068_of?$plp-web-desktop$&fmt=jpeg","https://s7d2.scene7.com/is/image/aeo/4434_5977_068_ob?$plp-web-desktop$&fmt=jpeg","AE Next Level Curvy Super High-Waisted Flare Jean","$44.96 USD","$59.95 USD",""
"Save
      
          25%","https://www.ae.com/intl/en/p/women/jeans/curvy-jeans/strigid-curvy-high-waisted-stovepipe-jean/4431_6241_432","Link to product Strigid Curvy High-Waisted Stovepipe Jean","https://s7d2.scene7.com/is/image/aeo/4431_6241_432_f?$plp-web-desktop$&fmt=jpeg","https://s7d2.scene7.com/is/image/aeo/4431_6241_432_b?$plp-web-desktop$&fmt=jpeg","Strigid Curvy High-Waisted Stovepipe Jean","$52.46 USD","$69.95 USD","New + Online Exclusive"
"Save
      
          25%","https://www.ae.com/intl/en/p/women/jeans/baggy-wide-leg-jeans/ae-dreamy-drape-stretch-super-high-waisted-baggy-wide-leg-jean/0437_6242_958","Link to product AE Dreamy Drape Stretch Super High-Waisted Baggy Wide-Leg Jean","https://s7d2.scene7.com/is/image/aeo/0437_6242_958_f?$plp-web-desktop$&fmt=jpeg","https://s7d2.scene7.com/is/image/aeo/0437_6242_958_b?$plp-web-desktop$&fmt=jpeg","AE Dreamy Drape Stretch Super High-Waisted Baggy Wide-Leg Jean","$52.46 USD","$69.95 USD","New + Online Exclusive"
"Save
      
          25%","https://www.ae.com/intl/en/p/women/jeans/stovepipe-straight-leg-jeans/ae-stretch-high-waisted-embroidered-floral-stovepipe-jean/4435_6144_936","Link to product AE Stretch High-Waisted Embroidered Floral Stovepipe Jean","https://s7d2.scene7.com/is/image/aeo/4435_6144_936_of?$plp-web-desktop$&fmt=jpeg","https://s7d2.scene7.com/is/image/aeo/4435_6144_936_ob?$plp-web-desktop$&fmt=jpeg","AE Stretch High-Waisted Embroidered Floral Stovepipe Jean","$67.46 USD","$89.95 USD","New"
"Save
      
          25%","https://www.ae.com/intl/en/p/women/jeans/baggy-wide-leg-jeans/ae-dreamy-drape-stretch-low-rise-baggy-jogger-jean/0437_6280_936","Link to product AE Dreamy Drape Stretch Low-Rise Baggy Jogger Jean","https://s7d2.scene7.com/is/image/aeo/0437_6280_936_of?$plp-web-desktop$&fmt=jpeg","https://s7d2.scene7.com/is/image/aeo/0437_6280_936_ob?$plp-web-desktop$&fmt=jpeg","AE Dreamy Drape Stretch Low-Rise Baggy Jogger Jean","$44.96 USD","$59.95 USD","New"
"Save
      
          25%","https://www.ae.com/intl/en/p/women/jeans/jeggings-skinny-jeans/ae-next-level-high-waisted-jegging/0433_3962_423","Link to product AE Next Level High-Waisted Jegging","https://s7d2.scene7.com/is/image/aeo/0433_3962_423_of?$plp-web-desktop$&fmt=jpeg","https://s7d2.scene7.com/is/image/aeo/0433_3962_423_ob?$plp-web-desktop$&fmt=jpeg","AE Next Level High-Waisted Jegging","$29.96 USD","$39.95 USD",""
"Save
      
          25%","https://www.ae.com/intl/en/p/women/jeans/flare-bootcut-jeans/ae-next-level-low-rise-kick-bootcut-jean/1437_4714_857","Link to product AE Next Level Low-Rise Kick Bootcut Jean","https://s7d2.scene7.com/is/image/aeo/1437_4714_857_of?$plp-web-desktop$&fmt=jpeg","https://s7d2.scene7.com/is/image/aeo/1437_4714_857_f?$plp-web-desktop$&fmt=jpeg","AE Next Level Low-Rise Kick Bootcut Jean","$37.46 USD","$49.95 USD",""
"Save
      
          25%","https://www.ae.com/intl/en/p/women/jeans/mom-jeans/ae-strigid-ripped-mom-jean/0436_3936_923","Link to product AE Strigid Ripped Mom Jean","https://s7d2.scene7.com/is/image/aeo/0436_3936_923_of?$plp-web-desktop$&fmt=jpeg","https://s7d2.scene7.com/is/image/aeo/0436_3936_923_ob?$plp-web-desktop$&fmt=jpeg","AE Strigid Ripped Mom Jean","$44.96 USD","$59.95 USD",""
"Save
      
          25%","https://www.ae.com/intl/en/p/women/jeans/stovepipe-straight-leg-jeans/ae-stretch-high-waisted-laser-print-stovepipe-jean/4435_6145_947","Link to product AE Stretch High-Waisted Laser Print Stovepipe Jean","https://s7d2.scene7.com/is/image/aeo/4435_6145_947_of?$plp-web-desktop$&fmt=jpeg","https://s7d2.scene7.com/is/image/aeo/4435_6145_947_ob?$plp-web-desktop$&fmt=jpeg","AE Stretch High-Waisted Laser Print Stovepipe Jean","$52.46 USD","$69.95 USD","New"
"Save
      
          25%","https://www.ae.com/intl/en/p/women/jeans/flare-bootcut-jeans/ae-next-level-high-waisted-skinny-kick-jean/0434_5020_004","Link to product AE Next Level High-Waisted Skinny Kick Jean","https://s7d2.scene7.com/is/image/aeo/0434_5020_004_of?$plp-web-desktop$&fmt=jpeg","https://s7d2.scene7.com/is/image/aeo/0434_5020_004_ob?$plp-web-desktop$&fmt=jpeg","AE Next Level High-Waisted Skinny Kick Jean","$37.46 USD","$49.95 USD",""
"Save
      
          25%","https://www.ae.com/intl/en/p/women/jeans/flare-bootcut-jeans/ae-next-level-high-waisted-skinny-kick-jean/0434_5748_992","Link to product AE Next Level High-Waisted Skinny Kick Jean","https://s7d2.scene7.com/is/image/aeo/0434_5748_992_of?$plp-web-desktop$&fmt=jpeg","https://s7d2.scene7.com/is/image/aeo/0434_5748_992_ob?$plp-web-desktop$&fmt=jpeg","AE Next Level High-Waisted Skinny Kick Jean","$37.46 USD","$49.95 USD",""
"Save
      
          25%","https://www.ae.com/intl/en/p/women/jeans/curvy-jeans/ae-dreamy-drape-stretch-curvy-super-high-waisted-baggy-wide-leg-jean/4436_6238_738","Link to product AE Dreamy Drape Stretch Curvy Super High-Waisted Baggy Wide-Leg Jean","https://s7d2.scene7.com/is/image/aeo/4436_6238_738_of?$plp-web-desktop$&fmt=jpeg","https://s7d2.scene7.com/is/image/aeo/4436_6238_738_ob?$plp-web-desktop$&fmt=jpeg","AE Dreamy Drape Stretch Curvy Super High-Waisted Baggy Wide-Leg Jean","$44.96 USD","$59.95 USD","Online Exclusive"
"Save
      
          25%","https://www.ae.com/intl/en/p/women/jeans/curvy-jeans/ae-high-waisted-curvy-straight-jean/4437_6221_916","Link to product AE High-Waisted Curvy Straight Jean","https://s7d2.scene7.com/is/image/aeo/4437_6221_916_of?$plp-web-desktop$&fmt=jpeg","https://s7d2.scene7.com/is/image/aeo/4437_6221_916_ob?$plp-web-desktop$&fmt=jpeg","AE High-Waisted Curvy Straight Jean","$44.96 USD","$59.95 USD","Online Exclusive"
"Save
      
          25%","https://www.ae.com/intl/en/p/women/jeans/curvy-jeans/ae-next-level-curvy-ripped-high-waisted-jegging/3439_5789_428","Link to product AE Next Level Curvy Ripped High-Waisted Jegging","https://s7d2.scene7.com/is/image/aeo/3439_5789_428_of?$plp-web-desktop$&fmt=jpeg","https://s7d2.scene7.com/is/image/aeo/3439_5789_428_ob?$plp-web-desktop$&fmt=jpeg","AE Next Level Curvy Ripped High-Waisted Jegging","$44.96 USD","$59.95 USD",""
"Save
      
          25%","https://www.ae.com/intl/en/p/women/pants/jegging-skinny-pants/ae-next-level-high-waisted-jegging-jogger/0327_5533_016","Link to product AE Next Level High-Waisted Jegging Jogger","https://s7d2.scene7.com/is/image/aeo/0327_5533_016_of?$plp-web-desktop$&fmt=jpeg","https://s7d2.scene7.com/is/image/aeo/0327_5533_016_ob?$plp-web-desktop$&fmt=jpeg","AE Next Level High-Waisted Jegging Jogger","$44.96 USD","$59.95 USD","Online Exclusive"
"Save
      
          25%","https://www.ae.com/intl/en/p/women/jeans/baggy-wide-leg-jeans/ae-low-rise-pull-on-barrel-jean/0437_6108_004","Link to product AE Low-Rise Pull-On Barrel Jean","https://s7d2.scene7.com/is/image/aeo/0437_6108_004_of?$plp-web-desktop$&fmt=jpeg","https://s7d2.scene7.com/is/image/aeo/0437_6108_004_ob?$plp-web-desktop$&fmt=jpeg","AE Low-Rise Pull-On Barrel Jean","$44.96 USD","$59.95 USD",""
"Save
      
          25%","https://www.ae.com/intl/en/p/women/jeans/baggy-wide-leg-jeans/ae-dreamy-drape-stretch-low-rise-baggy-jogger-jean/0437_6114_401","Link to product AE Dreamy Drape Stretch Low-Rise Baggy Jogger Jean","https://s7d2.scene7.com/is/image/aeo/0437_6114_401_f?$plp-web-desktop$&fmt=jpeg","https://s7d2.scene7.com/is/image/aeo/0437_6114_401_b?$plp-web-desktop$&fmt=jpeg","AE Dreamy Drape Stretch Low-Rise Baggy Jogger Jean","$44.96 USD","$59.95 USD",""
"Save
      
          25%","https://www.ae.com/intl/en/p/women/jeans/stovepipe-straight-leg-jeans/ae-stretch-super-high-waisted-straight-jean/0435_5884_056","Link to product AE Stretch Super High-Waisted Straight Jean","https://s7d2.scene7.com/is/image/aeo/0435_5884_056_of?$plp-web-desktop$&fmt=jpeg","https://s7d2.scene7.com/is/image/aeo/0435_5884_056_ob?$plp-web-desktop$&fmt=jpeg","AE Stretch Super High-Waisted Straight Jean","$44.96 USD","$59.95 USD","Online Exclusive"
"Save
      
          25%","https://www.ae.com/intl/en/p/women/jeans/stovepipe-straight-leg-jeans/ae-strigid-low-rise-baggy-straight-jean/0437_6146_471","Link to product AE Strigid Low-Rise Baggy Straight Jean","https://s7d2.scene7.com/is/image/aeo/0437_6146_471_of?$plp-web-desktop$&fmt=jpeg","https://s7d2.scene7.com/is/image/aeo/0437_6146_471_ob?$plp-web-desktop$&fmt=jpeg","AE Strigid Low-Rise Baggy Straight Jean","$52.46 USD","$69.95 USD",""
"Save
      
          25%","https://www.ae.com/intl/en/p/women/jeans/flare-bootcut-jeans/ae-stretch-low-rise-flare-jean/1436_6135_249","Link to product AE Stretch Low-Rise Flare Jean","https://s7d2.scene7.com/is/image/aeo/1436_6135_249_of?$plp-web-desktop$&fmt=jpeg","https://s7d2.scene7.com/is/image/aeo/1436_6135_249_ob?$plp-web-desktop$&fmt=jpeg","AE Stretch Low-Rise Flare Jean","$44.96 USD","$59.95 USD",""
"Save
      
          25%","https://www.ae.com/intl/en/p/women/jeans/jeggings-skinny-jeans/ae-dream-super-high-waisted-jegging/3435_5857_515","Link to product AE Dream Super High-Waisted Jegging","https://s7d2.scene7.com/is/image/aeo/3435_5857_515_of?$plp-web-desktop$&fmt=jpeg","https://s7d2.scene7.com/is/image/aeo/3435_5857_515_ob?$plp-web-desktop$&fmt=jpeg","AE Dream Super High-Waisted Jegging","$44.96 USD","$59.95 USD","Online Exclusive"
"Save
      
          25%","https://www.ae.com/intl/en/p/women/jeans/jeggings-skinny-jeans/ae-next-level-high-waisted-jegging/0433_6222_915","Link to product AE Next Level High-Waisted Jegging","https://s7d2.scene7.com/is/image/aeo/0433_6222_915_of?$plp-web-desktop$&fmt=jpeg","https://s7d2.scene7.com/is/image/aeo/0433_6222_915_ob?$plp-web-desktop$&fmt=jpeg","AE Next Level High-Waisted Jegging","$44.96 USD","$59.95 USD","Online Exclusive"
"Save
      
          25%","https://www.ae.com/intl/en/p/women/jeans/stovepipe-straight-leg-jeans/ae-strigid-low-rise-baggy-straight-jean/0437_5629_045","Link to product AE Strigid Low-Rise Baggy Straight Jean","https://s7d2.scene7.com/is/image/aeo/0437_5629_045_of?$plp-web-desktop$&fmt=jpeg","https://s7d2.scene7.com/is/image/aeo/0437_5629_045_ob?$plp-web-desktop$&fmt=jpeg","AE Strigid Low-Rise Baggy Straight Jean","$44.96 USD","$59.95 USD","Online Exclusive"
"Save
      
          40%","https://www.ae.com/intl/en/p/women/jeans/flare-bootcut-jeans/ae-stretch-high-waisted-flare-jean/1436_6009_068","Link to product AE Stretch High-Waisted Flare Jean","https://s7d2.scene7.com/is/image/aeo/1436_6009_068_f?$plp-web-desktop$&fmt=jpeg","https://s7d2.scene7.com/is/image/aeo/1436_6009_068_b?$plp-web-desktop$&fmt=jpeg","AE Stretch High-Waisted Flare Jean","$41.97 USD","$69.95 USD","Online Exclusive"
"Save
      
          40%","https://www.ae.com/intl/en/p/women/jeans/baggy-wide-leg-jeans/ae-strigid-low-rise-baggy-barrel-jean/3436_5678_432","Link to product AE Strigid Low-Rise Baggy Barrel Jean","https://s7d2.scene7.com/is/image/aeo/3436_5678_432_of?$plp-web-desktop$&fmt=jpeg","https://s7d2.scene7.com/is/image/aeo/3436_5678_432_ob?$plp-web-desktop$&fmt=jpeg","AE Strigid Low-Rise Baggy Barrel Jean","$35.97 USD","$59.95 USD","Online Exclusive"
"","https://www.ae.com/intl/en/p/women/pants/jegging-skinny-pants/ae-next-level-high-waisted-jegging/0327_2777_273","Link to product AE Next Level High-Waisted Jegging","https://s7d2.scene7.com/is/image/aeo/0327_2777_273_of?$plp-web-desktop$&fmt=jpeg","https://s7d2.scene7.com/is/image/aeo/0327_2777_273_ob?$plp-web-desktop$&fmt=jpeg","AE Next Level High-Waisted Jegging","","$49.95 USD",""
"Save
      
          25%","https://www.ae.com/intl/en/p/women/pants/jegging-skinny-pants/ae-camo-stretch-high-waisted-jegging-jogger/0327_5692_329","Link to product AE Camo Stretch High-Waisted Jegging Jogger","https://s7d2.scene7.com/is/image/aeo/0327_5692_329_of?$plp-web-desktop$&fmt=jpeg","https://s7d2.scene7.com/is/image/aeo/0327_5692_329_ob?$plp-web-desktop$&fmt=jpeg","AE Camo Stretch High-Waisted Jegging Jogger","$44.96 USD","$59.95 USD","Online Exclusive"
"Save
      
          25%","https://www.ae.com/intl/en/p/women/jeans/stovepipe-straight-leg-jeans/ae-stretch-high-waisted-straight-jean/0435_6025_455","Link to product AE Stretch High-Waisted Straight Jean","https://s7d2.scene7.com/is/image/aeo/0435_6025_455_of?$plp-web-desktop$&fmt=jpeg","https://s7d2.scene7.com/is/image/aeo/0435_6025_455_ob?$plp-web-desktop$&fmt=jpeg","AE Stretch High-Waisted Straight Jean","$52.46 USD","$69.95 USD",""
"Save
      
          25%","https://www.ae.com/intl/en/p/women/jeans/jeggings-skinny-jeans/ae-dream-high-waisted-jegging/0433_2654_053","Link to product AE Dream High-Waisted Jegging","https://s7d2.scene7.com/is/image/aeo/0433_2654_053_of?$plp-web-desktop$&fmt=jpeg","https://s7d2.scene7.com/is/image/aeo/0433_2654_053_ob?$plp-web-desktop$&fmt=jpeg","AE Dream High-Waisted Jegging","$37.46 USD","$49.95 USD",""
"Save
      
          25%","https://www.ae.com/intl/en/p/women/jeans/jeggings-skinny-jeans/ae-next-level-super-high-waisted-jegging/3435_6018_953","Link to product AE Next Level Super High-Waisted Jegging","https://s7d2.scene7.com/is/image/aeo/3435_6018_953_of?$plp-web-desktop$&fmt=jpeg","https://s7d2.scene7.com/is/image/aeo/3435_6018_953_ob?$plp-web-desktop$&fmt=jpeg","AE Next Level Super High-Waisted Jegging","$44.96 USD","$59.95 USD",""
"Save
      
          40%","https://www.ae.com/intl/en/p/women/jeans/curvy-jeans/ae-next-level-curvy-ripped-super-high-waisted-flare-jean/4434_5754_959","Link to product AE Next Level Curvy Ripped Super High-Waisted Flare Jean","https://s7d2.scene7.com/is/image/aeo/4434_5754_959_of?$plp-web-desktop$&fmt=jpeg","https://s7d2.scene7.com/is/image/aeo/4434_5754_959_ob?$plp-web-desktop$&fmt=jpeg","AE Next Level Curvy Ripped Super High-Waisted Flare Jean","$35.97 USD","$59.95 USD","Online Exclusive"
"Save
      
          25%","https://www.ae.com/intl/en/p/women/jeans/flare-bootcut-jeans/ae-stretch-low-rise-floral-flare-jean/1436_6227_459","Link to product AE Stretch Low-Rise Floral Flare Jean","https://s7d2.scene7.com/is/image/aeo/1436_6227_459_f?$plp-web-desktop$&fmt=jpeg","https://s7d2.scene7.com/is/image/aeo/1436_6227_459_b?$plp-web-desktop$&fmt=jpeg","AE Stretch Low-Rise Floral Flare Jean","$56.21 USD","$74.95 USD","Online Exclusive"
"Save
      
          30%","https://www.ae.com/intl/en/p/women/pants/curvy-pants/ae-curvy-high-waisted-jegging/0323_5815_273","Link to product AE Curvy High-Waisted Jegging","https://s7d2.scene7.com/is/image/aeo/0323_5815_273_of?$plp-web-desktop$&fmt=jpeg","https://s7d2.scene7.com/is/image/aeo/0323_5815_273_ob?$plp-web-desktop$&fmt=jpeg","AE Curvy High-Waisted Jegging","$34.96 USD","$49.95 USD","Online Exclusive"
"Save
      
          25%","https://www.ae.com/intl/en/p/women/jeans/mom-jeans/ae-strigid-mom-jean/0436_5794_022","Link to product AE Strigid Mom Jean","https://s7d2.scene7.com/is/image/aeo/0436_5794_022_of?$plp-web-desktop$&fmt=jpeg","https://s7d2.scene7.com/is/image/aeo/0436_5794_022_ob?$plp-web-desktop$&fmt=jpeg","AE Strigid Mom Jean","$44.96 USD","$59.95 USD",""
"Save
      
          50%","https://www.ae.com/intl/en/p/women/jeans/stovepipe-straight-leg-jeans/ae-embellished-stretch-low-rise-baggy-straight-jean/0437_5900_081","Link to product AE Embellished Stretch Low-Rise Baggy Straight Jean","https://s7d2.scene7.com/is/image/aeo/0437_5900_081_of?$plp-web-desktop$&fmt=jpeg","https://s7d2.scene7.com/is/image/aeo/0437_5900_081_d1?$plp-web-desktop$&fmt=jpeg","AE Embellished Stretch Low-Rise Baggy Straight Jean","$39.97 USD","$79.95 USD",""
"Save
      
          25%","https://www.ae.com/intl/en/p/women/jeans/curvy-jeans/ae-next-level-curvy-high-waisted-jegging/3439_6043_488","Link to product AE Next Level Curvy High-Waisted Jegging","https://s7d2.scene7.com/is/image/aeo/3439_6043_488_of?$plp-web-desktop$&fmt=jpeg","https://s7d2.scene7.com/is/image/aeo/3439_6043_488_ob?$plp-web-desktop$&fmt=jpeg","AE Next Level Curvy High-Waisted Jegging","$44.96 USD","$59.95 USD","Online Exclusive"
"Save
      
          25%","https://www.ae.com/intl/en/p/women/jeans/stovepipe-straight-leg-jeans/ae-stretch-high-waisted-straight-jean/0435_6162_001","Link to product AE Stretch High-Waisted Straight Jean","https://s7d2.scene7.com/is/image/aeo/0435_6162_001_of?$plp-web-desktop$&fmt=jpeg","https://s7d2.scene7.com/is/image/aeo/0435_6162_001_ob?$plp-web-desktop$&fmt=jpeg","AE Stretch High-Waisted Straight Jean","$37.46 USD","$49.95 USD","Online Exclusive"
"Save
      
          40%","https://www.ae.com/intl/en/p/women/jeans/stovepipe-straight-leg-jeans/ae-stretch-high-waisted-stovepipe-jean/4435_5738_200","Link to product AE Stretch High-Waisted Stovepipe Jean","https://s7d2.scene7.com/is/image/aeo/4435_5738_200_of?$plp-web-desktop$&fmt=jpeg","https://s7d2.scene7.com/is/image/aeo/4435_5738_200_ob?$plp-web-desktop$&fmt=jpeg","AE Stretch High-Waisted Stovepipe Jean","$35.97 USD","$59.95 USD",""
"Save
      
          25%","https://www.ae.com/intl/en/p/women/pants/jegging-skinny-pants/ae-stretch-high-waisted-skinny-pant/0463_5790_273","Link to product AE Stretch High-Waisted Skinny Pant","https://s7d2.scene7.com/is/image/aeo/0463_5790_273_of?$plp-web-desktop$&fmt=jpeg","https://s7d2.scene7.com/is/image/aeo/0463_5790_273_ob?$plp-web-desktop$&fmt=jpeg","AE Stretch High-Waisted Skinny Pant","$44.96 USD","$59.95 USD","Online Exclusive"
"Save
      
          40%","https://www.ae.com/intl/en/p/women/jeans/baggy-wide-leg-jeans/ae-dreamy-drapey-super-high-waisted-baggy-wide-leg-jean/0437_5818_508","Link to product AE Dreamy Drapey Super High-Waisted Baggy Wide-Leg Jean","https://s7d2.scene7.com/is/image/aeo/0437_5818_508_of?$plp-web-desktop$&fmt=jpeg","https://s7d2.scene7.com/is/image/aeo/0437_5818_508_ob?$plp-web-desktop$&fmt=jpeg","AE Dreamy Drapey Super High-Waisted Baggy Wide-Leg Jean","$41.97 USD","$69.95 USD",""
"Save
      
          25%","https://www.ae.com/intl/en/p/women/jeans/jeggings-skinny-jeans/ae-next-level-super-high-waisted-ripped-jegging/3435_5506_826","Link to product AE Next Level Super High-Waisted Ripped Jegging","https://s7d2.scene7.com/is/image/aeo/3435_5506_826_of?$plp-web-desktop$&fmt=jpeg","https://s7d2.scene7.com/is/image/aeo/3435_5506_826_ob?$plp-web-desktop$&fmt=jpeg","AE Next Level Super High-Waisted Ripped Jegging","$52.46 USD","$69.95 USD","Online Exclusive"
"Save
      
          40%","https://www.ae.com/intl/en/p/women/jeans/baggy-wide-leg-jeans/ae-dreamy-drape-a-line-fit-jean/0437_5944_987","Link to product AE Dreamy Drape A-Line Fit Jean","https://s7d2.scene7.com/is/image/aeo/0437_5944_987_of?$plp-web-desktop$&fmt=jpeg","https://s7d2.scene7.com/is/image/aeo/0437_5944_987_ob?$plp-web-desktop$&fmt=jpeg","AE Dreamy Drape A-Line Fit Jean","$41.97 USD","$69.95 USD",""
"Save
      
          25%","https://www.ae.com/intl/en/p/women/jeans/stovepipe-straight-leg-jeans/ae-strigid-low-rise-baggy-straight-jean/0437_5814_987","Link to product AE Strigid Low-Rise Baggy Straight Jean","https://s7d2.scene7.com/is/image/aeo/0437_5814_987_of?$plp-web-desktop$&fmt=jpeg","https://s7d2.scene7.com/is/image/aeo/0437_5814_987_f?$plp-web-desktop$&fmt=jpeg","AE Strigid Low-Rise Baggy Straight Jean","$52.46 USD","$69.95 USD",""
"Save
      
          40%","https://www.ae.com/intl/en/p/women/jeans/baggy-wide-leg-jeans/ae-dreamy-drape-baggy-a-line-fit-jean/0437_5945_898","Link to product AE Dreamy Drape Baggy A-Line Fit Jean","https://s7d2.scene7.com/is/image/aeo/0437_5945_898_of?$plp-web-desktop$&fmt=jpeg","https://s7d2.scene7.com/is/image/aeo/0437_5945_898_ob?$plp-web-desktop$&fmt=jpeg","AE Dreamy Drape Baggy A-Line Fit Jean","$41.97 USD","$69.95 USD","Online Exclusive"
"Save
      
          25%","https://www.ae.com/intl/en/p/women/jeans/jeggings-skinny-jeans/ae-next-level-super-high-waisted-jegging/3435_5244_970","Link to product AE Next Level Super High-Waisted Jegging","https://s7d2.scene7.com/is/image/aeo/3435_5244_970_of?$plp-web-desktop$&fmt=jpeg","https://s7d2.scene7.com/is/image/aeo/3435_5244_970_ob?$plp-web-desktop$&fmt=jpeg","AE Next Level Super High-Waisted Jegging","$37.46 USD","$49.95 USD",""
"Save
      
          40%","https://www.ae.com/intl/en/p/women/jeans/baggy-wide-leg-jeans/ae-stretch-mariner-jean/0438_6038_294","Link to product AE Stretch Mariner Jean","https://s7d2.scene7.com/is/image/aeo/0438_6038_294_of?$plp-web-desktop$&fmt=jpeg","https://s7d2.scene7.com/is/image/aeo/0438_6038_294_ob?$plp-web-desktop$&fmt=jpeg","AE Stretch Mariner Jean","$41.97 USD","$69.95 USD","Online Exclusive"
"Save
      
          25%","https://www.ae.com/intl/en/p/women/jeans/flare-bootcut-jeans/ae-next-level-high-waisted-skinny-kick-jean/0434_5749_978","Link to product AE Next Level High-Waisted Skinny Kick Jean","https://s7d2.scene7.com/is/image/aeo/0434_5749_978_of?$plp-web-desktop$&fmt=jpeg","https://s7d2.scene7.com/is/image/aeo/0434_5749_978_ob?$plp-web-desktop$&fmt=jpeg","AE Next Level High-Waisted Skinny Kick Jean","$44.96 USD","$59.95 USD",""
"Save
      
          25%","https://www.ae.com/intl/en/p/women/jeans/stovepipe-straight-leg-jeans/ae-strigid-low-rise-baggy-straight-jean/0437_6035_947","Link to product AE Strigid Low-Rise Baggy Straight Jean","https://s7d2.scene7.com/is/image/aeo/0437_6035_947_of?$plp-web-desktop$&fmt=jpeg","https://s7d2.scene7.com/is/image/aeo/0437_6035_947_f?$plp-web-desktop$&fmt=jpeg","AE Strigid Low-Rise Baggy Straight Jean","$59.96 USD","$79.95 USD",""
"Save
      
          40%","https://www.ae.com/intl/en/p/women/jeans/baggy-wide-leg-jeans/ae-baggy-a-line-fit-jean/0437_5946_053","Link to product AE Baggy A-Line Fit Jean","https://s7d2.scene7.com/is/image/aeo/0437_5946_053_of?$plp-web-desktop$&fmt=jpeg","https://s7d2.scene7.com/is/image/aeo/0437_5946_053_ob?$plp-web-desktop$&fmt=jpeg","AE Baggy A-Line Fit Jean","$41.97 USD","$69.95 USD",""
"Save
      
          25%","https://www.ae.com/intl/en/p/women/jeans/jeggings-skinny-jeans/ae-next-level-super-high-waisted-jegging/3435_4756_914","Link to product AE Next Level Super High-Waisted Jegging","https://s7d2.scene7.com/is/image/aeo/3435_4756_914_of?$plp-web-desktop$&fmt=jpeg","https://s7d2.scene7.com/is/image/aeo/3435_4756_914_ob?$plp-web-desktop$&fmt=jpeg","AE Next Level Super High-Waisted Jegging","$29.96 USD","$39.95 USD",""
"Save
      
          25%","https://www.ae.com/intl/en/p/women/jeans/curvy-jeans/ae-strigid-curvy-high-waisted-stovepipe-jean/4431_6049_922","Link to product AE Strigid Curvy High-Waisted Stovepipe Jean","https://s7d2.scene7.com/is/image/aeo/4431_6049_922_of?$plp-web-desktop$&fmt=jpeg","https://s7d2.scene7.com/is/image/aeo/4431_6049_922_ob?$plp-web-desktop$&fmt=jpeg","AE Strigid Curvy High-Waisted Stovepipe Jean","$44.96 USD","$59.95 USD",""
"Save
      
          40%","https://www.ae.com/intl/en/p/women/jeans/stovepipe-straight-leg-jeans/ae-stretch-high-waisted-stovepipe-jean/4435_5738_255","Link to product AE Stretch High-Waisted Stovepipe Jean","https://s7d2.scene7.com/is/image/aeo/4435_5738_255_of?$plp-web-desktop$&fmt=jpeg","https://s7d2.scene7.com/is/image/aeo/4435_5738_255_ob?$plp-web-desktop$&fmt=jpeg","AE Stretch High-Waisted Stovepipe Jean","$35.97 USD","$59.95 USD",""
"Save
      
          25%","https://www.ae.com/intl/en/p/women/jeans/jeggings-skinny-jeans/ae-next-level-super-high-waisted-jegging/3435_3745_134","Link to product AE Next Level Super High-Waisted Jegging","https://s7d2.scene7.com/is/image/aeo/3435_3745_134_of?$plp-web-desktop$&fmt=jpeg","https://s7d2.scene7.com/is/image/aeo/3435_3745_134_ob?$plp-web-desktop$&fmt=jpeg","AE Next Level Super High-Waisted Jegging","$37.46 USD","$49.95 USD",""
"Save
      
          25%","https://www.ae.com/intl/en/p/women/jeans/baggy-wide-leg-jeans/ae-low-rise-pull-on-barrel-jean/0437_6109_915","Link to product AE Low-Rise Pull-On Barrel Jean","https://s7d2.scene7.com/is/image/aeo/0437_6109_915_of?$plp-web-desktop$&fmt=jpeg","https://s7d2.scene7.com/is/image/aeo/0437_6109_915_ob?$plp-web-desktop$&fmt=jpeg","AE Low-Rise Pull-On Barrel Jean","$44.96 USD","$59.95 USD",""
"Save
      
          25%","https://www.ae.com/intl/en/p/women/jeans/jeggings-skinny-jeans/ae-next-level-ripped-high-waisted-jegging/0433_5236_947","Link to product AE Next Level Ripped High-Waisted Jegging","https://s7d2.scene7.com/is/image/aeo/0433_5236_947_of?$plp-web-desktop$&fmt=jpeg","https://s7d2.scene7.com/is/image/aeo/0433_5236_947_ob?$plp-web-desktop$&fmt=jpeg","AE Next Level Ripped High-Waisted Jegging","$44.96 USD","$59.95 USD",""
"Save
      
          25%","https://www.ae.com/intl/en/p/women/pants/jegging-skinny-pants/ae-next-level-high-waisted-jegging-jogger/0327_5533_329","Link to product AE Next Level High-Waisted Jegging Jogger","https://s7d2.scene7.com/is/image/aeo/0327_5533_329_of?$plp-web-desktop$&fmt=jpeg","https://s7d2.scene7.com/is/image/aeo/0327_5533_329_ob?$plp-web-desktop$&fmt=jpeg","AE Next Level High-Waisted Jegging Jogger","$44.96 USD","$59.95 USD","Online Exclusive"
"Save
      
          40%","https://www.ae.com/intl/en/p/women/jeans/baggy-wide-leg-jeans/ae-dreamy-drape-strigid-a-line-fit-jean/0437_5889_909","Link to product AE Dreamy Drape Strigid A-Line Fit Jean","https://s7d2.scene7.com/is/image/aeo/0437_5889_909_of?$plp-web-desktop$&fmt=jpeg","https://s7d2.scene7.com/is/image/aeo/0437_5889_909_ob?$plp-web-desktop$&fmt=jpeg","AE Dreamy Drape Strigid A-Line Fit Jean","$41.97 USD","$69.95 USD",""
"Save
      
          40%","https://www.ae.com/intl/en/p/women/jeans/jeggings-skinny-jeans/ae-stretch-skinny-jean/0432_5892_516","Link to product AE Stretch Skinny Jean","https://s7d2.scene7.com/is/image/aeo/0432_5892_516_of?$plp-web-desktop$&fmt=jpeg","https://s7d2.scene7.com/is/image/aeo/0432_5892_516_ob?$plp-web-desktop$&fmt=jpeg","AE Stretch Skinny Jean","$35.97 USD","$59.95 USD","Online Exclusive"
"Save
      
          40%","https://www.ae.com/intl/en/p/women/jeans/stovepipe-straight-leg-jeans/ae-stretch-super-high-waisted-ripped-ankle-straight-jean/0435_4822_432","Link to product AE Stretch Super High-Waisted Ripped Ankle Straight Jean","https://s7d2.scene7.com/is/image/aeo/0435_4822_432_of?$plp-web-desktop$&fmt=jpeg","https://s7d2.scene7.com/is/image/aeo/0435_4822_432_ob?$plp-web-desktop$&fmt=jpeg","AE Stretch Super High-Waisted Ripped Ankle Straight Jean","$41.97 USD","$69.95 USD",""
"Save
      
          25%","https://www.ae.com/intl/en/p/women/jeans/curvy-jeans/ae-strigid-curvy-ripped-mom-jean/4433_5797_471","Link to product AE Strigid Curvy Ripped Mom Jean","https://s7d2.scene7.com/is/image/aeo/4433_5797_471_of?$plp-web-desktop$&fmt=jpeg","https://s7d2.scene7.com/is/image/aeo/4433_5797_471_ob?$plp-web-desktop$&fmt=jpeg","AE Strigid Curvy Ripped Mom Jean","$44.96 USD","$59.95 USD",""
"Save
      
          25%","https://www.ae.com/intl/en/p/women/jeans/mom-jeans/ae-strigid-ripped-mom-jean/0436_5520_863","Link to product AE Strigid Ripped Mom Jean","https://s7d2.scene7.com/is/image/aeo/0436_5520_863_of?$plp-web-desktop$&fmt=jpeg","https://s7d2.scene7.com/is/image/aeo/0436_5520_863_ob?$plp-web-desktop$&fmt=jpeg","AE Strigid Ripped Mom Jean","$44.96 USD","$59.95 USD","Online Exclusive"
"Save
      
          25%","https://www.ae.com/intl/en/p/women/jeans/jeggings-skinny-jeans/ae-next-level-low-rise-ripped-jegging/0431_5235_957","Link to product AE Next Level Low-Rise Ripped Jegging","https://s7d2.scene7.com/is/image/aeo/0431_5235_957_of?$plp-web-desktop$&fmt=jpeg","https://s7d2.scene7.com/is/image/aeo/0431_5235_957_ob?$plp-web-desktop$&fmt=jpeg","AE Next Level Low-Rise Ripped Jegging","$44.96 USD","$59.95 USD",""
"Save
      
          25%","https://www.ae.com/intl/en/p/women/jeans/flare-bootcut-jeans/ae-stretch-super-low-rise-kick-bootcut-jean/1437_6117_896","Link to product AE Stretch Super Low-Rise Kick Bootcut Jean","https://s7d2.scene7.com/is/image/aeo/1437_6117_896_l1?$plp-web-desktop$&fmt=jpeg","https://s7d2.scene7.com/is/image/aeo/1437_6117_896_of?$plp-web-desktop$&fmt=jpeg","AE Stretch Super Low-Rise Kick Bootcut Jean","$52.46 USD","$69.95 USD",""
"Save
      
          25%","https://www.ae.com/intl/en/p/women/jeans/stovepipe-straight-leg-jeans/ae-stretch-super-high-waisted-straight-jean/0435_5141_953","Link to product AE Stretch Super High-Waisted Straight Jean","https://s7d2.scene7.com/is/image/aeo/0435_5141_953_of?$plp-web-desktop$&fmt=jpeg","https://s7d2.scene7.com/is/image/aeo/0435_5141_953_f?$plp-web-desktop$&fmt=jpeg","AE Stretch Super High-Waisted Straight Jean","$44.96 USD","$59.95 USD",""
"Save
      
          25%","https://www.ae.com/intl/en/p/women/jeans/jeggings-skinny-jeans/ae-next-level-ripped-high-waisted-jegging/0433_5784_928","Link to product AE Next Level Ripped High-Waisted Jegging","https://s7d2.scene7.com/is/image/aeo/0433_5784_928_of?$plp-web-desktop$&fmt=jpeg","https://s7d2.scene7.com/is/image/aeo/0433_5784_928_ob?$plp-web-desktop$&fmt=jpeg","AE Next Level Ripped High-Waisted Jegging","$52.46 USD","$69.95 USD",""
"Save
      
          25%","https://www.ae.com/intl/en/p/women/jeans/barrel-jeans/ae-dreamy-drape-strigid-barrel-jean/3436_5644_200","Link to product AE Dreamy Drape Strigid Barrel Jean","https://s7d2.scene7.com/is/image/aeo/3436_5644_200_of?$plp-web-desktop$&fmt=jpeg","https://s7d2.scene7.com/is/image/aeo/3436_5644_200_ob?$plp-web-desktop$&fmt=jpeg","AE Dreamy Drape Strigid Barrel Jean","$44.96 USD","$59.95 USD",""
"Save
      
          40%","https://www.ae.com/intl/en/p/women/jeans/flare-bootcut-jeans/ae-next-level-super-high-waisted-flare-jean/1436_5724_599","Link to product AE Next Level Super High-Waisted Flare Jean","https://s7d2.scene7.com/is/image/aeo/1436_5724_599_of?$plp-web-desktop$&fmt=jpeg","https://s7d2.scene7.com/is/image/aeo/1436_5724_599_ob?$plp-web-desktop$&fmt=jpeg","AE Next Level Super High-Waisted Flare Jean","$35.97 USD","$59.95 USD",""
"Save
      
          25%","https://www.ae.com/intl/en/p/women/pants/jegging-skinny-pants/ae-stretch-high-waisted-skinny-pant/0463_5790_016","Link to product AE Stretch High-Waisted Skinny Pant","https://s7d2.scene7.com/is/image/aeo/0463_5790_016_f?$plp-web-desktop$&fmt=jpeg","https://s7d2.scene7.com/is/image/aeo/0463_5790_016_b?$plp-web-desktop$&fmt=jpeg","AE Stretch High-Waisted Skinny Pant","$44.96 USD","$59.95 USD","Online Exclusive"
"Save
      
          25%","https://www.ae.com/intl/en/p/women/jeans/stovepipe-straight-leg-jeans/ae-stretch-high-waisted-stovepipe-jean/4435_5807_045","Link to product AE Stretch High-Waisted Stovepipe Jean","https://s7d2.scene7.com/is/image/aeo/4435_5807_045_of?$plp-web-desktop$&fmt=jpeg","https://s7d2.scene7.com/is/image/aeo/4435_5807_045_ob?$plp-web-desktop$&fmt=jpeg","AE Stretch High-Waisted Stovepipe Jean","$44.96 USD","$59.95 USD",""
"Save
      
          25%","https://www.ae.com/intl/en/p/women/jeans/jeggings-skinny-jeans/ae-next-level-high-waisted-jegging/0433_5783_905","Link to product AE Next Level High-Waisted Jegging","https://s7d2.scene7.com/is/image/aeo/0433_5783_905_of?$plp-web-desktop$&fmt=jpeg","https://s7d2.scene7.com/is/image/aeo/0433_5783_905_ob?$plp-web-desktop$&fmt=jpeg","AE Next Level High-Waisted Jegging","$44.96 USD","$59.95 USD","Online Exclusive"
"Save
      
          25%","https://www.ae.com/intl/en/p/women/jeans/curvy-jeans/ae-stretch-curvy-high-waisted-stovepipe-jean/4431_6240_167","Link to product AE Stretch Curvy High-Waisted Stovepipe Jean","https://s7d2.scene7.com/is/image/aeo/4431_6240_167_f?$plp-web-desktop$&fmt=jpeg","https://s7d2.scene7.com/is/image/aeo/4431_6240_167_b?$plp-web-desktop$&fmt=jpeg","AE Stretch Curvy High-Waisted Stovepipe Jean","$44.96 USD","$59.95 USD","Online Exclusive"
"Save
      
          25%","https://www.ae.com/intl/en/p/women/jeans/flare-bootcut-jeans/ae-next-level-low-rise-kick-bootcut-jean/1437_6161_915","Link to product AE Next Level Low-Rise Kick Bootcut Jean","https://s7d2.scene7.com/is/image/aeo/1437_6161_915_of?$plp-web-desktop$&fmt=jpeg","https://s7d2.scene7.com/is/image/aeo/1437_6161_915_ob?$plp-web-desktop$&fmt=jpeg","AE Next Level Low-Rise Kick Bootcut Jean","$29.96 USD","$39.95 USD","Online Exclusive"
"Save
      
          25%","https://www.ae.com/intl/en/p/women/jeans/mom-jeans/ae-strigid-mom-jean/0436_4544_441","Link to product AE Strigid Mom Jean","https://s7d2.scene7.com/is/image/aeo/0436_4544_441_of?$plp-web-desktop$&fmt=jpeg","https://s7d2.scene7.com/is/image/aeo/0436_4544_441_ob?$plp-web-desktop$&fmt=jpeg","AE Strigid Mom Jean","$37.46 USD","$49.95 USD",""
"Save
      
          25%","https://www.ae.com/intl/en/p/women/jeans/curvy-jeans/ae-dreamy-drape-stretch-curvy-ripped-super-high-waisted-baggy-wide-leg-jean/4436_5876_508","Link to product AE Dreamy Drape Stretch Curvy Ripped Super High-Waisted Baggy Wide-Leg Jean","https://s7d2.scene7.com/is/image/aeo/4436_5876_508_of?$plp-web-desktop$&fmt=jpeg","https://s7d2.scene7.com/is/image/aeo/4436_5876_508_ob?$plp-web-desktop$&fmt=jpeg","AE Dreamy Drape Stretch Curvy Ripped Super High-Waisted Baggy Wide-Leg Jean","$52.46 USD","$69.95 USD","Online Exclusive"
"Save
      
          25%","https://www.ae.com/intl/en/p/women/jeans/jeggings-skinny-jeans/ae-next-level-ripped-super-high-waisted-jegging/3435_5787_016","Link to product AE Next Level Ripped Super High-Waisted Jegging","https://s7d2.scene7.com/is/image/aeo/3435_5787_016_of?$plp-web-desktop$&fmt=jpeg","https://s7d2.scene7.com/is/image/aeo/3435_5787_016_ob?$plp-web-desktop$&fmt=jpeg","AE Next Level Ripped Super High-Waisted Jegging","$44.96 USD","$59.95 USD",""
"Save
      
          25%","https://www.ae.com/intl/en/p/women/jeans/jeggings-skinny-jeans/ae-next-level-high-waisted-jegging/0433_5405_079","Link to product AE Next Level High-Waisted Jegging","https://s7d2.scene7.com/is/image/aeo/0433_5405_079_of?$plp-web-desktop$&fmt=jpeg","https://s7d2.scene7.com/is/image/aeo/0433_5405_079_ob?$plp-web-desktop$&fmt=jpeg","AE Next Level High-Waisted Jegging","$52.46 USD","$69.95 USD",""
"","https://www.ae.com/intl/en/p/women/pants/jegging-skinny-pants/ae-next-level-high-waisted-jegging/0327_2777_001","Link to product AE Next Level High-Waisted Jegging","https://s7d2.scene7.com/is/image/aeo/0327_2777_001_of?$plp-web-desktop$&fmt=jpeg","https://s7d2.scene7.com/is/image/aeo/0327_2777_001_ob?$plp-web-desktop$&fmt=jpeg","AE Next Level High-Waisted Jegging","","$49.95 USD",""
"Save
      
          25%","https://www.ae.com/intl/en/p/women/jeans/curvy-jeans/ae-dreamy-drape-stretch-curvy-super-high-waisted-baggy-wide-leg-jean/4436_5821_893","Link to product AE Dreamy Drape Stretch Curvy Super High-Waisted Baggy Wide-Leg Jean","https://s7d2.scene7.com/is/image/aeo/4436_5821_893_of?$plp-web-desktop$&fmt=jpeg","https://s7d2.scene7.com/is/image/aeo/4436_5821_893_ob?$plp-web-desktop$&fmt=jpeg","AE Dreamy Drape Stretch Curvy Super High-Waisted Baggy Wide-Leg Jean","$44.96 USD","$59.95 USD",""
"Save
      
          25%","https://www.ae.com/intl/en/p/women/jeans/stovepipe-straight-leg-jeans/ae-stretch-super-high-waisted-ankle-straight-jean/0435_5803_909","Link to product AE Stretch Super High-Waisted Ankle Straight Jean","https://s7d2.scene7.com/is/image/aeo/0435_5803_909_of?$plp-web-desktop$&fmt=jpeg","https://s7d2.scene7.com/is/image/aeo/0435_5803_909_ob?$plp-web-desktop$&fmt=jpeg","AE Stretch Super High-Waisted Ankle Straight Jean","$44.96 USD","$59.95 USD",""
"Save
      
          25%","https://www.ae.com/intl/en/p/women/jeans/stovepipe-straight-leg-jeans/ae-stretch-high-waisted-straight-jean/0435_6046_901","Link to product AE Stretch High-Waisted Straight Jean","https://s7d2.scene7.com/is/image/aeo/0435_6046_901_of?$plp-web-desktop$&fmt=jpeg","https://s7d2.scene7.com/is/image/aeo/0435_6046_901_ob?$plp-web-desktop$&fmt=jpeg","AE Stretch High-Waisted Straight Jean","$44.96 USD","$59.95 USD","Online Exclusive"
"Save
      
          40%","https://www.ae.com/intl/en/p/women/jeans/stovepipe-straight-leg-jeans/ae-stretch-high-waisted-straight-jean/0435_6026_001","Link to product AE Stretch High-Waisted Straight Jean","https://s7d2.scene7.com/is/image/aeo/0435_6026_001_of?$plp-web-desktop$&fmt=jpeg","https://s7d2.scene7.com/is/image/aeo/0435_6026_001_ob?$plp-web-desktop$&fmt=jpeg","AE Stretch High-Waisted Straight Jean","$35.97 USD","$59.95 USD",""
"Save
      
          25%","https://www.ae.com/intl/en/p/women/jeans/jeggings-skinny-jeans/ae-next-level-super-high-waisted-jegging/3435_5786_957","Link to product AE Next Level Super High-Waisted Jegging","https://s7d2.scene7.com/is/image/aeo/3435_5786_957_of?$plp-web-desktop$&fmt=jpeg","https://s7d2.scene7.com/is/image/aeo/3435_5786_957_ob?$plp-web-desktop$&fmt=jpeg","AE Next Level Super High-Waisted Jegging","$44.96 USD","$59.95 USD",""
"Save
      
          25%","https://www.ae.com/intl/en/p/women/jeans/baggy-wide-leg-jeans/ae-dreamy-drape-stretch-super-high-waisted-baggy-wide-leg-jean/0437_5755_534","Link to product AE Dreamy Drape Stretch Super High-Waisted Baggy Wide-Leg Jean","https://s7d2.scene7.com/is/image/aeo/0437_5755_534_of?$plp-web-desktop$&fmt=jpeg","https://s7d2.scene7.com/is/image/aeo/0437_5755_534_ob?$plp-web-desktop$&fmt=jpeg","AE Dreamy Drape Stretch Super High-Waisted Baggy Wide-Leg Jean","$37.46 USD","$49.95 USD",""
"Save
      
          40%","https://www.ae.com/intl/en/p/women/jeans/curvy-jeans/ae-stretch-curvy-straight-jean/4437_5798_067","Link to product AE Stretch Curvy Straight Jean","https://s7d2.scene7.com/is/image/aeo/4437_5798_067_of?$plp-web-desktop$&fmt=jpeg","https://s7d2.scene7.com/is/image/aeo/4437_5798_067_ob?$plp-web-desktop$&fmt=jpeg","AE Stretch Curvy Straight Jean","$35.97 USD","$59.95 USD",""
"Save
      
          25%","https://www.ae.com/intl/en/p/women/jeans/mom-jeans/ae-strigid-mom-jean/0436_5369_911","Link to product AE Strigid Mom Jean","https://s7d2.scene7.com/is/image/aeo/0436_5369_911_of?$plp-web-desktop$&fmt=jpeg","https://s7d2.scene7.com/is/image/aeo/0436_5369_911_ob?$plp-web-desktop$&fmt=jpeg","AE Strigid Mom Jean","$37.46 USD","$49.95 USD",""
"Save
      
          25%","https://www.ae.com/intl/en/p/women/jeans/jeggings-skinny-jeans/ae-next-level-low-rise-jegging/0431_5781_979","Link to product AE Next Level Low-Rise Jegging","https://s7d2.scene7.com/is/image/aeo/0431_5781_979_of?$plp-web-desktop$&fmt=jpeg","https://s7d2.scene7.com/is/image/aeo/0431_5781_979_ob?$plp-web-desktop$&fmt=jpeg","AE Next Level Low-Rise Jegging","$37.46 USD","$49.95 USD",""
"Save
      
          25%","https://www.ae.com/intl/en/p/women/jeans/baggy-wide-leg-jeans/ae-dreamy-drape-strigid-low-rise-baggy-ultra-wide-leg-jean/0437_5684_433","Link to product AE Dreamy Drape Strigid Low-Rise Baggy Ultra-Wide Leg Jean","https://s7d2.scene7.com/is/image/aeo/0437_5684_433_of?$plp-web-desktop$&fmt=jpeg","https://s7d2.scene7.com/is/image/aeo/0437_5684_433_ob?$plp-web-desktop$&fmt=jpeg","AE Dreamy Drape Strigid Low-Rise Baggy Ultra-Wide Leg Jean","$44.96 USD","$59.95 USD",""
"Save
      
          40%","https://www.ae.com/intl/en/p/women/jeans/jeggings-skinny-jeans/ae-stretch-skinny-jean/0432_5934_532","Link to product AE Stretch Skinny Jean","https://s7d2.scene7.com/is/image/aeo/0432_5934_532_l1?$plp-web-desktop$&fmt=jpeg","https://s7d2.scene7.com/is/image/aeo/0432_5934_532_of?$plp-web-desktop$&fmt=jpeg","AE Stretch Skinny Jean","$35.97 USD","$59.95 USD",""
"Save
      
          25%","https://www.ae.com/intl/en/p/women/jeans/flare-bootcut-jeans/ae-next-level-high-waisted-skinny-kick-jean/0434_5878_022","Link to product AE Next Level High-Waisted Skinny Kick Jean","https://s7d2.scene7.com/is/image/aeo/0434_5878_022_of?$plp-web-desktop$&fmt=jpeg","https://s7d2.scene7.com/is/image/aeo/0434_5878_022_ob?$plp-web-desktop$&fmt=jpeg","AE Next Level High-Waisted Skinny Kick Jean","$44.96 USD","$59.95 USD","Online Exclusive"
"Save
      
          40%","https://www.ae.com/intl/en/p/women/jeans/stovepipe-straight-leg-jeans/ae-strigid-super-high-waisted-baggy-straight-jean/0437_5698_956","Link to product AE Strigid Super High-Waisted Baggy Straight Jean","https://s7d2.scene7.com/is/image/aeo/0437_5698_956_of?$plp-web-desktop$&fmt=jpeg","https://s7d2.scene7.com/is/image/aeo/0437_5698_956_ob?$plp-web-desktop$&fmt=jpeg","AE Strigid Super High-Waisted Baggy Straight Jean","$35.97 USD","$59.95 USD",""
"Save
      
          40%","https://www.ae.com/intl/en/p/women/jeans/baggy-wide-leg-jeans/ae-stretch-mariner-jean/0438_6039_455","Link to product AE Stretch Mariner Jean","https://s7d2.scene7.com/is/image/aeo/0438_6039_455_of?$plp-web-desktop$&fmt=jpeg","https://s7d2.scene7.com/is/image/aeo/0438_6039_455_f?$plp-web-desktop$&fmt=jpeg","AE Stretch Mariner Jean","$41.97 USD","$69.95 USD",""
"Save
      
          40%","https://www.ae.com/intl/en/p/women/jeans/curvy-jeans/ae-strigid-curvy-super-high-waisted-baggy-straight-jean/4436_5859_915","Link to product AE Strigid Curvy Super High-Waisted Baggy Straight Jean","https://s7d2.scene7.com/is/image/aeo/4436_5859_915_of?$plp-web-desktop$&fmt=jpeg","https://s7d2.scene7.com/is/image/aeo/4436_5859_915_ob?$plp-web-desktop$&fmt=jpeg","AE Strigid Curvy Super High-Waisted Baggy Straight Jean","$35.97 USD","$59.95 USD","Online Exclusive"
"Save
      
          40%","https://www.ae.com/intl/en/p/women/jeans/jeggings-skinny-jeans/ae-stretch-skinny-jean/0432_5863_851","Link to product AE Stretch Skinny Jean","https://s7d2.scene7.com/is/image/aeo/0432_5863_851_of?$plp-web-desktop$&fmt=jpeg","https://s7d2.scene7.com/is/image/aeo/0432_5863_851_ob?$plp-web-desktop$&fmt=jpeg","AE Stretch Skinny Jean","$35.97 USD","$59.95 USD",""
"Save
      
          25%","https://www.ae.com/intl/en/p/women/jeans/flare-bootcut-jeans/ae-next-level-low-rise-kick-bootcut-jean/1437_6004_043","Link to product AE Next Level Low-Rise Kick Bootcut Jean","https://s7d2.scene7.com/is/image/aeo/1437_6004_043_of?$plp-web-desktop$&fmt=jpeg","https://s7d2.scene7.com/is/image/aeo/1437_6004_043_ob?$plp-web-desktop$&fmt=jpeg","AE Next Level Low-Rise Kick Bootcut Jean","$44.96 USD","$59.95 USD",""
"Save
      
          25%","https://www.ae.com/intl/en/p/women/jeans/flare-bootcut-jeans/ae-stretch-super-low-rise-kick-bootcut-jean/1437_6120_936","Link to product AE Stretch Super Low-Rise Kick Bootcut Jean","https://s7d2.scene7.com/is/image/aeo/1437_6120_936_of?$plp-web-desktop$&fmt=jpeg","https://s7d2.scene7.com/is/image/aeo/1437_6120_936_ob?$plp-web-desktop$&fmt=jpeg","AE Stretch Super Low-Rise Kick Bootcut Jean","$52.46 USD","$69.95 USD",""
"Save
      
          25%","https://www.ae.com/intl/en/p/women/jeans/curvy-jeans/ae-strigid-curvy-high-waisted-stovepipe-jean/4431_5809_930","Link to product AE Strigid Curvy High-Waisted Stovepipe Jean","https://s7d2.scene7.com/is/image/aeo/4431_5809_930_of?$plp-web-desktop$&fmt=jpeg","https://s7d2.scene7.com/is/image/aeo/4431_5809_930_ob?$plp-web-desktop$&fmt=jpeg","AE Strigid Curvy High-Waisted Stovepipe Jean","$44.96 USD","$59.95 USD",""
"Save
      
          25%","https://www.ae.com/intl/en/p/women/jeans/stovepipe-straight-leg-jeans/ae-stretch-high-waisted-straight-jean/0435_6010_851","Link to product AE Stretch High-Waisted Straight Jean","https://s7d2.scene7.com/is/image/aeo/0435_6010_851_l1?$plp-web-desktop$&fmt=jpeg","https://s7d2.scene7.com/is/image/aeo/0435_6010_851_of?$plp-web-desktop$&fmt=jpeg","AE Stretch High-Waisted Straight Jean","$44.96 USD","$59.95 USD",""
"Save
      
          25%","https://www.ae.com/intl/en/p/women/jeans/curvy-jeans/ae-dreamy-drape-stretch-curvy-super-high-waisted-baggy-wide-leg-jean/4436_6050_484","Link to product AE Dreamy Drape Stretch Curvy Super High-Waisted Baggy Wide-Leg Jean","https://s7d2.scene7.com/is/image/aeo/4436_6050_484_of?$plp-web-desktop$&fmt=jpeg","https://s7d2.scene7.com/is/image/aeo/4436_6050_484_ob?$plp-web-desktop$&fmt=jpeg","AE Dreamy Drape Stretch Curvy Super High-Waisted Baggy Wide-Leg Jean","$52.46 USD","$69.95 USD",""
"Save
      
          25%","https://www.ae.com/intl/en/p/women/jeans/jeggings-skinny-jeans/ae-next-level-high-waisted-jegging/0433_5418_950","Link to product AE Next Level High-Waisted Jegging","https://s7d2.scene7.com/is/image/aeo/0433_5418_950_f?$plp-web-desktop$&fmt=jpeg","https://s7d2.scene7.com/is/image/aeo/0433_5418_950_b?$plp-web-desktop$&fmt=jpeg","AE Next Level High-Waisted Jegging","$29.96 USD","$39.95 USD",""
"Save
      
          25%","https://www.ae.com/intl/en/p/women/jeans/stovepipe-straight-leg-jeans/ae-stretch-high-waisted-straight-jean/0435_6062_521","Link to product AE Stretch High-Waisted Straight Jean","https://s7d2.scene7.com/is/image/aeo/0435_6062_521_of?$plp-web-desktop$&fmt=jpeg","https://s7d2.scene7.com/is/image/aeo/0435_6062_521_ob?$plp-web-desktop$&fmt=jpeg","AE Stretch High-Waisted Straight Jean","$37.46 USD","$49.95 USD",""
"Save
      
          25%","https://www.ae.com/intl/en/p/women/jeans/flare-bootcut-jeans/ae-next-level-low-rise-kick-bootcut-jean/1437_5791_437","Link to product AE Next Level Low-Rise Kick Bootcut Jean","https://s7d2.scene7.com/is/image/aeo/1437_5791_437_of?$plp-web-desktop$&fmt=jpeg","https://s7d2.scene7.com/is/image/aeo/1437_5791_437_ob?$plp-web-desktop$&fmt=jpeg","AE Next Level Low-Rise Kick Bootcut Jean","$44.96 USD","$59.95 USD",""
"Save
      
          25%","https://www.ae.com/intl/en/p/women/jeans/flare-bootcut-jeans/ae-next-level-high-waisted-skinny-kick-jean/0434_5651_915","Link to product AE Next Level High-Waisted Skinny Kick Jean","https://s7d2.scene7.com/is/image/aeo/0434_5651_915_of?$plp-web-desktop$&fmt=jpeg","https://s7d2.scene7.com/is/image/aeo/0434_5651_915_ob?$plp-web-desktop$&fmt=jpeg","AE Next Level High-Waisted Skinny Kick Jean","$29.96 USD","$39.95 USD",""
"Save
      
          25%","https://www.ae.com/intl/en/p/women/jeans/curvy-jeans/ae-curvy-mom-jean/4433_5954_074","Link to product AE Curvy Mom Jean","https://s7d2.scene7.com/is/image/aeo/4433_5954_074_of?$plp-web-desktop$&fmt=jpeg","https://s7d2.scene7.com/is/image/aeo/4433_5954_074_ob?$plp-web-desktop$&fmt=jpeg","AE Curvy Mom Jean","$37.46 USD","$49.95 USD","Online Exclusive"
"Save
      
          25%","https://www.ae.com/intl/en/p/women/jeans/baggy-wide-leg-jeans/ae-baggy-wide-leg-trouser/0437_5823_979","Link to product AE Baggy Wide-Leg Trouser","https://s7d2.scene7.com/is/image/aeo/0437_5823_979_of?$plp-web-desktop$&fmt=jpeg","https://s7d2.scene7.com/is/image/aeo/0437_5823_979_ob?$plp-web-desktop$&fmt=jpeg","AE Baggy Wide-Leg Trouser","$44.96 USD","$59.95 USD","Online Exclusive"
"Save
      
          25%","https://www.ae.com/intl/en/p/women/jeans/baggy-wide-leg-jeans/ae-dreamy-drape-stretch-super-high-waisted-baggy-wide-leg-jean/0437_6163_936","Link to product AE Dreamy Drape Stretch Super High-Waisted Baggy Wide-Leg Jean","https://s7d2.scene7.com/is/image/aeo/0437_6163_936_of?$plp-web-desktop$&fmt=jpeg","https://s7d2.scene7.com/is/image/aeo/0437_6163_936_ob?$plp-web-desktop$&fmt=jpeg","AE Dreamy Drape Stretch Super High-Waisted Baggy Wide-Leg Jean","$37.46 USD","$49.95 USD","Online Exclusive"
"Save
      
          25%","https://www.ae.com/intl/en/p/women/jeans/baggy-wide-leg-jeans/ae-baggy-wide-leg-trouser/0437_5824_894","Link to product AE Baggy Wide-Leg Trouser","https://s7d2.scene7.com/is/image/aeo/0437_5824_894_of?$plp-web-desktop$&fmt=jpeg","https://s7d2.scene7.com/is/image/aeo/0437_5824_894_ob?$plp-web-desktop$&fmt=jpeg","AE Baggy Wide-Leg Trouser","$44.96 USD","$59.95 USD",""
"Save
      
          25%","https://www.ae.com/intl/en/p/women/jeans/curvy-jeans/ae-stretch-curvy-ripped-straight-jean/4437_5955_508","Link to product AE Stretch Curvy Ripped Straight Jean","https://s7d2.scene7.com/is/image/aeo/4437_5955_508_of?$plp-web-desktop$&fmt=jpeg","https://s7d2.scene7.com/is/image/aeo/4437_5955_508_ob?$plp-web-desktop$&fmt=jpeg","AE Stretch Curvy Ripped Straight Jean","$52.46 USD","$69.95 USD","Online Exclusive"
"Save
      
          25%","https://www.ae.com/intl/en/p/women/jeans/jeggings-skinny-jeans/ae-next-level-patched-low-rise-jegging/0431_5782_009","Link to product AE Next Level Patched Low-Rise Jegging","https://s7d2.scene7.com/is/image/aeo/0431_5782_009_of?$plp-web-desktop$&fmt=jpeg","https://s7d2.scene7.com/is/image/aeo/0431_5782_009_ob?$plp-web-desktop$&fmt=jpeg","AE Next Level Patched Low-Rise Jegging","$52.46 USD","$69.95 USD",""
"Save
      
          69%","https://www.ae.com/intl/en/p/women/jeans/stovepipe-straight-leg-jeans/ae-stretch-super-high-waisted-straight-jean/0435_5800_534","Link to product AE Stretch Super High-Waisted Straight Jean","https://s7d2.scene7.com/is/image/aeo/0435_5800_534_of?$plp-web-desktop$&fmt=jpeg","https://s7d2.scene7.com/is/image/aeo/0435_5800_534_ob?$plp-web-desktop$&fmt=jpeg","AE Stretch Super High-Waisted Straight Jean","$18.74 USD","$59.95 USD",""
"Save
      
          25%","https://www.ae.com/intl/en/p/women/jeans/stovepipe-straight-leg-jeans/ae-stretch-high-waisted-stovepipe-jean/4435_5886_432","Link to product AE Stretch High-Waisted Stovepipe Jean","https://s7d2.scene7.com/is/image/aeo/4435_5886_432_of?$plp-web-desktop$&fmt=jpeg","https://s7d2.scene7.com/is/image/aeo/4435_5886_432_ob?$plp-web-desktop$&fmt=jpeg","AE Stretch High-Waisted Stovepipe Jean","$37.46 USD","$49.95 USD",""
"Save
      
          25%","https://www.ae.com/intl/en/p/women/jeans/curvy-jeans/ae-next-level-curvy-high-waisted-jegging/3439_5788_074","Link to product AE Next Level Curvy High-Waisted Jegging","https://s7d2.scene7.com/is/image/aeo/3439_5788_074_of?$plp-web-desktop$&fmt=jpeg","https://s7d2.scene7.com/is/image/aeo/3439_5788_074_ob?$plp-web-desktop$&fmt=jpeg","AE Next Level Curvy High-Waisted Jegging","$37.46 USD","$49.95 USD",""
"Save
      
          25%","https://www.ae.com/intl/en/p/women/jeans/flare-bootcut-jeans/ae-next-level-low-rise-kick-bootcut-jean/1437_4541_896","Link to product AE Next Level Low-Rise Kick Bootcut Jean","https://s7d2.scene7.com/is/image/aeo/1437_4541_896_f?$plp-web-desktop$&fmt=jpeg","https://s7d2.scene7.com/is/image/aeo/1437_4541_896_b?$plp-web-desktop$&fmt=jpeg","AE Next Level Low-Rise Kick Bootcut Jean","$29.96 USD","$39.95 USD",""
"Save
      
          25%","https://www.ae.com/intl/en/p/women/jeans/curvy-jeans/ae-strigid-curvy-mom-jean/4433_5796_537","Link to product AE Strigid Curvy Mom Jean","https://s7d2.scene7.com/is/image/aeo/4433_5796_537_of?$plp-web-desktop$&fmt=jpeg","https://s7d2.scene7.com/is/image/aeo/4433_5796_537_ob?$plp-web-desktop$&fmt=jpeg","AE Strigid Curvy Mom Jean","$44.96 USD","$59.95 USD",""
"","https://www.ae.com/intl/en/p/women/jeans/baggy-wide-leg-jeans/ae-low-rise-beachy-baggy-jean/0437_6148_936","Link to product AE Low-Rise Beachy Baggy Jean","https://s7d2.scene7.com/is/image/aeo/0437_6148_936_of?$plp-web-desktop$&fmt=jpeg","https://s7d2.scene7.com/is/image/aeo/0437_6148_936_ob?$plp-web-desktop$&fmt=jpeg","AE Low-Rise Beachy Baggy Jean","","$69.95 USD","New"
"","https://www.ae.com/intl/en/p/women/jeans/curvy-jeans/ae-stretch-curvy-high-waisted-chain-stitch-straight-jean/4437_6149_915","Link to product AE Stretch Curvy High-Waisted Chain-Stitch Straight Jean","https://s7d2.scene7.com/is/image/aeo/4437_6149_915_f?$plp-web-desktop$&fmt=jpeg","https://s7d2.scene7.com/is/image/aeo/4437_6149_915_b?$plp-web-desktop$&fmt=jpeg","AE Stretch Curvy High-Waisted Chain-Stitch Straight Jean","","$89.95 USD","New + Online Exclusive"
"","https://www.ae.com/intl/en/p/women/jeans/flare-bootcut-jeans/ae-dreamy-drape-stretch-super-low-rise-baggy-flare-jean/0437_6065_936","Link to product AE Dreamy Drape Stretch Super Low-Rise Baggy Flare Jean","https://s7d2.scene7.com/is/image/aeo/0437_6065_936_of?$plp-web-desktop$&fmt=jpeg","https://s7d2.scene7.com/is/image/aeo/0437_6065_936_ob?$plp-web-desktop$&fmt=jpeg","AE Dreamy Drape Stretch Super Low-Rise Baggy Flare Jean","","$69.95 USD","New"
"Save
      
          25%","https://www.ae.com/intl/en/p/women/jeans/jeggings-skinny-jeans/ae-next-level-high-waisted-jegging/0433_5416_957","Link to product AE Next Level High-Waisted Jegging","https://s7d2.scene7.com/is/image/aeo/0433_5416_957_f?$plp-web-desktop$&fmt=jpeg","https://s7d2.scene7.com/is/image/aeo/0433_5416_957_b?$plp-web-desktop$&fmt=jpeg","AE Next Level High-Waisted Jegging","$29.96 USD","$39.95 USD",""
"","https://www.ae.com/intl/en/p/women/ae77-premium-denim/vintage-straight-jeans/ae77-premium-vintage-jean/7454_4821_915","Link to product AE77 Premium Vintage Jean","https://s7d2.scene7.com/is/image/aeo/7454_4821_915_of?$plp-web-desktop$&fmt=jpeg","https://s7d2.scene7.com/is/image/aeo/7454_4821_915_ob?$plp-web-desktop$&fmt=jpeg","AE77 Premium Vintage Jean","","$138.00 USD","Online Exclusive"
"","https://www.ae.com/intl/en/p/women/ae77-premium-denim/bootcut-crop-jeans/ae77-premium-bootcut-crop-jean/7302_4943_915","Link to product AE77 Premium Bootcut Crop Jean","https://s7d2.scene7.com/is/image/aeo/7302_4943_915_of?$plp-web-desktop$&fmt=jpeg","https://s7d2.scene7.com/is/image/aeo/7302_4943_915_ob?$plp-web-desktop$&fmt=jpeg","AE77 Premium Bootcut Crop Jean","","$128.00 USD",""
"","https://www.ae.com/intl/en/p/women/ae77-premium-denim/cigarette-jeans/ae77-premium-cigarette-jean/7302_4940_915","Link to product AE77 Premium Cigarette Jean","https://s7d2.scene7.com/is/image/aeo/7302_4940_915_of?$plp-web-desktop$&fmt=jpeg","https://s7d2.scene7.com/is/image/aeo/7302_4940_915_ob?$plp-web-desktop$&fmt=jpeg","AE77 Premium Cigarette Jean","","$118.00 USD","Online Exclusive"
"","https://www.ae.com/intl/en/p/women/ae77-premium-denim/bootcut-crop-jeans/ae77-premium-bootcut-crop-jean/7302_4941_896","Link to product AE77 Premium Bootcut Crop Jean","https://s7d2.scene7.com/is/image/aeo/7302_4941_896_of?$plp-web-desktop$&fmt=jpeg","https://s7d2.scene7.com/is/image/aeo/7302_4941_896_ob?$plp-web-desktop$&fmt=jpeg","AE77 Premium Bootcut Crop Jean","","$128.00 USD",""
"","https://www.ae.com/intl/en/p/women/ae77-premium-denim/wide-leg-jeans/ae77-premium-wide-crop-cuff-jean/7302_5037_915","Link to product AE77 Premium Wide Crop Cuff Jean","https://s7d2.scene7.com/is/image/aeo/7302_5037_915_of?$plp-web-desktop$&fmt=jpeg","https://s7d2.scene7.com/is/image/aeo/7302_5037_915_ob?$plp-web-desktop$&fmt=jpeg","AE77 Premium Wide Crop Cuff Jean","","$138.00 USD",""
"Save
      
          25%","https://www.ae.com/intl/en/p/women/jeans/jeggings-skinny-jeans/ae-next-level-high-waisted-jegging/0433_5417_914","Link to product AE Next Level High-Waisted Jegging","https://s7d2.scene7.com/is/image/aeo/0433_5417_914_f?$plp-web-desktop$&fmt=jpeg","https://s7d2.scene7.com/is/image/aeo/0433_5417_914_b?$plp-web-desktop$&fmt=jpeg","AE Next Level High-Waisted Jegging","$29.96 USD","$39.95 USD",""
"","https://www.ae.com/intl/en/p/women/ae77-premium-denim/wide-leg-jeans/ae77-premium-super-wide-jean/7302_4899_915","Link to product AE77 Premium Super Wide Jean","https://s7d2.scene7.com/is/image/aeo/7302_4899_915_of?$plp-web-desktop$&fmt=jpeg","https://s7d2.scene7.com/is/image/aeo/7302_4899_915_ob?$plp-web-desktop$&fmt=jpeg","AE77 Premium Super Wide Jean","","$138.00 USD","Online Exclusive"
"","https://www.ae.com/intl/en/p/women/ae77-premium-denim/wide-leg-jeans/ae77-premium-wide-crop-cuff-jean/7302_4947_936","Link to product AE77 Premium Wide Crop Cuff Jean","https://s7d2.scene7.com/is/image/aeo/7302_4947_936_of?$plp-web-desktop$&fmt=jpeg","https://s7d2.scene7.com/is/image/aeo/7302_4947_936_ob?$plp-web-desktop$&fmt=jpeg","AE77 Premium Wide Crop Cuff Jean","","$138.00 USD",""
"","https://www.ae.com/intl/en/p/women/ae77-premium-denim/vintage-straight-jeans/ae77-premium-vintage-jean/7454_4819_896","Link to product AE77 Premium Vintage Jean","https://s7d2.scene7.com/is/image/aeo/7454_4819_896_of?$plp-web-desktop$&fmt=jpeg","https://s7d2.scene7.com/is/image/aeo/7454_4819_896_ob?$plp-web-desktop$&fmt=jpeg","AE77 Premium Vintage Jean","","$138.00 USD","Online Exclusive"
"","https://www.ae.com/intl/en/p/women/jeans/flare-bootcut-jeans/ae-next-level-super-high-waisted-embroidered-flare-jean/1436_6187_909","Link to product AE Next Level Super High-Waisted Embroidered Flare Jean","https://s7d2.scene7.com/is/image/aeo/1436_6187_909_of?$plp-web-desktop$&fmt=jpeg","https://s7d2.scene7.com/is/image/aeo/1436_6187_909_ob?$plp-web-desktop$&fmt=jpeg","AE Next Level Super High-Waisted Embroidered Flare Jean","","$79.95 USD",""
"","https://www.ae.com/intl/en/p/women/jeans/flare-bootcut-jeans/ae-next-level-super-high-waisted-flare-jean/1436_5881_053","Link to product AE Next Level Super High-Waisted Flare Jean","https://s7d2.scene7.com/is/image/aeo/1436_5881_053_l1?$plp-web-desktop$&fmt=jpeg","https://s7d2.scene7.com/is/image/aeo/1436_5881_053_of?$plp-web-desktop$&fmt=jpeg","AE Next Level Super High-Waisted Flare Jean","","$59.95 USD","Online Exclusive"
"Save
      
          25%","https://www.ae.com/intl/en/p/women/pants/jegging-skinny-pants/ae-next-level-high-waisted-jegging-jogger/0327_5533_265","Link to product AE Next Level High-Waisted Jegging Jogger","https://s7d2.scene7.com/is/image/aeo/0327_5533_265_of?$plp-web-desktop$&fmt=jpeg","https://s7d2.scene7.com/is/image/aeo/0327_5533_265_ob?$plp-web-desktop$&fmt=jpeg","AE Next Level High-Waisted Jegging Jogger","$44.96 USD","$59.95 USD","Online Exclusive"
"","https://www.ae.com/intl/en/p/women/ae77-premium-denim/wide-leg-jeans/ae77-premium-super-wide-jean/7302_4816_001","Link to product AE77 Premium Super Wide Jean","https://s7d2.scene7.com/is/image/aeo/7302_4816_001_of?$plp-web-desktop$&fmt=jpeg","https://s7d2.scene7.com/is/image/aeo/7302_4816_001_ob?$plp-web-desktop$&fmt=jpeg","AE77 Premium Super Wide Jean","","$138.00 USD","Online Exclusive"