a-link-normal href,s-image src,puis-label-popover href,a-color-secondary,puis,a-link-normal href 2,a-link-normal,a-size-base-plus,a-link-normal href 3,a-size-base-plus 2,a-size-small,a-icon-alt,a-link-normal href 4,a-size-mini,a-size-base,a-link-normal href 5,a-badge-text,a-link-normal href 6,a-offscreen,a-price-whole,a-price-fraction,a-offscreen 2,a-size-base 2,a-offscreen 3,a-column,a-text-bold,a-column 2,a-text-bold 2,prime-signup-ingress,prime-brand-color,a-column 3,s-image src 2,a-size-base 3,a-size-medium-plus,a-size-base 4,a-expander-header href,s-pc-expander-title,a-size-base 5,a-size-small 2,a-size-base 6,aok-offscreen 2,a-spacing-none,a-size-base 7,a-size-base 8,a-size-base 9,a-size-base 10,a-size-base 11,a-link-normal href 7,a-size-base 12
https://www.amazon.com/Amazon-Essentials-Stretch-Jegging-Regular/dp/B07CMBKGW7/ref=sr_1_5?dib=eyJ2IjoiMSJ9.dul5ikqohW02OiCe087MbzfXYXm5zzO4j9u9Jg_18kXZsO2cBML3Y2p9NpAFceUyRbtKI15GnkFKTpZBvPqdM1trEAJxZ8OIE4vu8zvoTWnIQ2T0f7YFa2xVz4LIGmZGgA2m2pcNLgF9V1LKa95AdTWB2w4dQm74HzCvceI0HC-OYzTNc8fg-0Wr4EBaFywA-6m1zwmNVTIdzhuX85ig-syxvzHGVuu6rYPGzNHCSxe9_pt7GgSdAa9VUlpOPRMA7vIcLfFUT6KpiIEElrYEvQ.RFTh0NyA4PcZqXo4geDOCez7VAGD46lxpMVBhb5xYEo&dib_tag=se&qid=1776290580&refinements=p_n_g-1004227705091%3A16926165011&rnid=14630382011&s=apparel&sr=1-5,https://m.media-amazon.com/images/I/81JVnj7aO4L._AC_UL320_.jpg,,,,https://www.amazon.com/Amazon-Essentials-Stretch-Jegging-Regular/dp/B07CMBKGW7/ref=sr_1_5?dib=eyJ2IjoiMSJ9.dul5ikqohW02OiCe087MbzfXYXm5zzO4j9u9Jg_18kXZsO2cBML3Y2p9NpAFceUyRbtKI15GnkFKTpZBvPqdM1trEAJxZ8OIE4vu8zvoTWnIQ2T0f7YFa2xVz4LIGmZGgA2m2pcNLgF9V1LKa95AdTWB2w4dQm74HzCvceI0HC-OYzTNc8fg-0Wr4EBaFywA-6m1zwmNVTIdzhuX85ig-syxvzHGVuu6rYPGzNHCSxe9_pt7GgSdAa9VUlpOPRMA7vIcLfFUT6KpiIEElrYEvQ.RFTh0NyA4PcZqXo4geDOCez7VAGD46lxpMVBhb5xYEo&dib_tag=se&qid=1776290580&refinements=p_n_g-1004227705091%3A16926165011&rnid=14630382011&s=apparel&sr=1-5,,Amazon Essentials,https://www.amazon.com/Amazon-Essentials-Stretch-Jegging-Regular/dp/B07CMBKGW7/ref=sr_1_5?dib=eyJ2IjoiMSJ9.dul5ikqohW02OiCe087MbzfXYXm5zzO4j9u9Jg_18kXZsO2cBML3Y2p9NpAFceUyRbtKI15GnkFKTpZBvPqdM1trEAJxZ8OIE4vu8zvoTWnIQ2T0f7YFa2xVz4LIGmZGgA2m2pcNLgF9V1LKa95AdTWB2w4dQm74HzCvceI0HC-OYzTNc8fg-0Wr4EBaFywA-6m1zwmNVTIdzhuX85ig-syxvzHGVuu6rYPGzNHCSxe9_pt7GgSdAa9VUlpOPRMA7vIcLfFUT6KpiIEElrYEvQ.RFTh0NyA4PcZqXo4geDOCez7VAGD46lxpMVBhb5xYEo&dib_tag=se&qid=1776290580&refinements=p_n_g-1004227705091%3A16926165011&rnid=14630382011&s=apparel&sr=1-5#customerReviews,Women's Pull-On Mid Rise Stretchy Knit Jegging (Available in Plus Size),4.2,4.2 out of 5 stars,https://www.amazon.com/Amazon-Essentials-Stretch-Jegging-Regular/dp/B07CMBKGW7/ref=sr_1_5?dib=eyJ2IjoiMSJ9.dul5ikqohW02OiCe087MbzfXYXm5zzO4j9u9Jg_18kXZsO2cBML3Y2p9NpAFceUyRbtKI15GnkFKTpZBvPqdM1trEAJxZ8OIE4vu8zvoTWnIQ2T0f7YFa2xVz4LIGmZGgA2m2pcNLgF9V1LKa95AdTWB2w4dQm74HzCvceI0HC-OYzTNc8fg-0Wr4EBaFywA-6m1zwmNVTIdzhuX85ig-syxvzHGVuu6rYPGzNHCSxe9_pt7GgSdAa9VUlpOPRMA7vIcLfFUT6KpiIEElrYEvQ.RFTh0NyA4PcZqXo4geDOCez7VAGD46lxpMVBhb5xYEo&dib_tag=se&qid=1776290580&refinements=p_n_g-1004227705091%3A16926165011&rnid=14630382011&s=apparel&sr=1-5,(20.2K),800+ bought in past month,,,,$14.20 ,14,20,,,,to get FREE delivery  on eligible orders,Overnight 7 AM - 11 AM,"(function(f){var _np=(window.P._namespace(""udm-kata-inline-prime-signup-ingress-script""));if(_np.guardFatal){_np.guardFatal(f)(_np);}else{f(_np);}}(function(P){P.when('ready').execute(""udm-npa-prime-signup-ingress"",()=>{P.load.js(""https://d1nruqhae353qc.cloudfront.net/primesignup/widget.js"");});}));","Mon, Apr 20",.prime-brand-color {color: #0064f9; },Join Prime,Or Non-members get FREE delivery  on $35 of items shipped by Amazon,,,,,,,,,,,,,,,,,,
https://www.amazon.com/Amazon-Essentials-Womens-Standard-Regular/dp/B07RMMY95Z/ref=sr_1_6?dib=eyJ2IjoiMSJ9.dul5ikqohW02OiCe087MbzfXYXm5zzO4j9u9Jg_18kXZsO2cBML3Y2p9NpAFceUyRbtKI15GnkFKTpZBvPqdM1trEAJxZ8OIE4vu8zvoTWnIQ2T0f7YFa2xVz4LIGmZGgA2m2pcNLgF9V1LKa95AdTWB2w4dQm74HzCvceI0HC-OYzTNc8fg-0Wr4EBaFywA-6m1zwmNVTIdzhuX85ig-syxvzHGVuu6rYPGzNHCSxe9_pt7GgSdAa9VUlpOPRMA7vIcLfFUT6KpiIEElrYEvQ.RFTh0NyA4PcZqXo4geDOCez7VAGD46lxpMVBhb5xYEo&dib_tag=se&qid=1776290580&refinements=p_n_g-1004227705091%3A16926165011&rnid=14630382011&s=apparel&sr=1-6,https://m.media-amazon.com/images/I/81QRaEb6RVL._AC_UL320_.jpg,,,,https://www.amazon.com/Amazon-Essentials-Womens-Standard-Regular/dp/B07RMMY95Z/ref=sr_1_6?dib=eyJ2IjoiMSJ9.dul5ikqohW02OiCe087MbzfXYXm5zzO4j9u9Jg_18kXZsO2cBML3Y2p9NpAFceUyRbtKI15GnkFKTpZBvPqdM1trEAJxZ8OIE4vu8zvoTWnIQ2T0f7YFa2xVz4LIGmZGgA2m2pcNLgF9V1LKa95AdTWB2w4dQm74HzCvceI0HC-OYzTNc8fg-0Wr4EBaFywA-6m1zwmNVTIdzhuX85ig-syxvzHGVuu6rYPGzNHCSxe9_pt7GgSdAa9VUlpOPRMA7vIcLfFUT6KpiIEElrYEvQ.RFTh0NyA4PcZqXo4geDOCez7VAGD46lxpMVBhb5xYEo&dib_tag=se&qid=1776290580&refinements=p_n_g-1004227705091%3A16926165011&rnid=14630382011&s=apparel&sr=1-6,,Amazon Essentials,https://www.amazon.com/Amazon-Essentials-Womens-Standard-Regular/dp/B07RMMY95Z/ref=sr_1_6?dib=eyJ2IjoiMSJ9.dul5ikqohW02OiCe087MbzfXYXm5zzO4j9u9Jg_18kXZsO2cBML3Y2p9NpAFceUyRbtKI15GnkFKTpZBvPqdM1trEAJxZ8OIE4vu8zvoTWnIQ2T0f7YFa2xVz4LIGmZGgA2m2pcNLgF9V1LKa95AdTWB2w4dQm74HzCvceI0HC-OYzTNc8fg-0Wr4EBaFywA-6m1zwmNVTIdzhuX85ig-syxvzHGVuu6rYPGzNHCSxe9_pt7GgSdAa9VUlpOPRMA7vIcLfFUT6KpiIEElrYEvQ.RFTh0NyA4PcZqXo4geDOCez7VAGD46lxpMVBhb5xYEo&dib_tag=se&qid=1776290580&refinements=p_n_g-1004227705091%3A16926165011&rnid=14630382011&s=apparel&sr=1-6#customerReviews,Women's Mid-Rise Stretchy Skinny Jeans,4.2,4.2 out of 5 stars,https://www.amazon.com/Amazon-Essentials-Womens-Standard-Regular/dp/B07RMMY95Z/ref=sr_1_6?dib=eyJ2IjoiMSJ9.dul5ikqohW02OiCe087MbzfXYXm5zzO4j9u9Jg_18kXZsO2cBML3Y2p9NpAFceUyRbtKI15GnkFKTpZBvPqdM1trEAJxZ8OIE4vu8zvoTWnIQ2T0f7YFa2xVz4LIGmZGgA2m2pcNLgF9V1LKa95AdTWB2w4dQm74HzCvceI0HC-OYzTNc8fg-0Wr4EBaFywA-6m1zwmNVTIdzhuX85ig-syxvzHGVuu6rYPGzNHCSxe9_pt7GgSdAa9VUlpOPRMA7vIcLfFUT6KpiIEElrYEvQ.RFTh0NyA4PcZqXo4geDOCez7VAGD46lxpMVBhb5xYEo&dib_tag=se&qid=1776290580&refinements=p_n_g-1004227705091%3A16926165011&rnid=14630382011&s=apparel&sr=1-6,(18.4K),500+ bought in past month,javascript:void(0),,https://www.amazon.com/s?rh=n%3A1048188%2Cp_n_g-1004227705091%3A16926165011&dc&qid=1776290558&rnid=14630382011&ref=sr_nr_p_n_g-1004227705091_0#,$15.40 ,15,40,Typical: $18.00,Typical:,$18.00 ,to get FREE delivery,"Fri, Apr 17","(function(f){var _np=(window.P._namespace(""udm-kata-inline-prime-signup-ingress-script""));if(_np.guardFatal){_np.guardFatal(f)(_np);}else{f(_np);}}(function(P){P.when('ready').execute(""udm-npa-prime-signup-ingress"",()=>{P.load.js(""https://d1nruqhae353qc.cloudfront.net/primesignup/widget.js"");});}));","Tue, Apr 21",.prime-brand-color {color: #0064f9; },Join Prime,Or Non-members get FREE delivery  on $35 of items shipped by Amazon,https://m.media-amazon.com/images/I/11++B3A2NEL._SS200_.png,Safer chemicals,Sustainability features,This product has sustainability features recognized by trusted certifications.,javascript:void(0),Safer chemicals,Made with chemicals safer for human health and the environment.,As certified by,OEKO-TEX STANDARD 100,Learn more about OEKO-TEX STANDARD 100,OEKO-TEX STANDARD 100,"OEKO-TEX® STANDARD 100 certified products require every component of a textiles production including all thread, buttons, and trims to be tested against a list of more than 1,000 regulated and unregulated chemicals which may be harmful to human health. The assessment process is globally standardised, independently conducted, and updated at least once per year based on new scientific information or regulatory requirements.",Certification Body,HOHENSTEIN,Certification Number,24.HIN.28757,https://www.amazon.com/climatepledgefriendly,Discover more products with sustainability features.
https://www.amazon.com/Amazon-Essentials-Standard-Straight-Fit-Regular/dp/B07RM83682/ref=sr_1_7?dib=eyJ2IjoiMSJ9.dul5ikqohW02OiCe087MbzfXYXm5zzO4j9u9Jg_18kXZsO2cBML3Y2p9NpAFceUyRbtKI15GnkFKTpZBvPqdM1trEAJxZ8OIE4vu8zvoTWnIQ2T0f7YFa2xVz4LIGmZGgA2m2pcNLgF9V1LKa95AdTWB2w4dQm74HzCvceI0HC-OYzTNc8fg-0Wr4EBaFywA-6m1zwmNVTIdzhuX85ig-syxvzHGVuu6rYPGzNHCSxe9_pt7GgSdAa9VUlpOPRMA7vIcLfFUT6KpiIEElrYEvQ.RFTh0NyA4PcZqXo4geDOCez7VAGD46lxpMVBhb5xYEo&dib_tag=se&qid=1776290580&refinements=p_n_g-1004227705091%3A16926165011&rnid=14630382011&s=apparel&sr=1-7,https://m.media-amazon.com/images/I/81s9s2Ipe-L._AC_UL320_.jpg,,,,https://www.amazon.com/Amazon-Essentials-Standard-Straight-Fit-Regular/dp/B07RM83682/ref=sr_1_7?dib=eyJ2IjoiMSJ9.dul5ikqohW02OiCe087MbzfXYXm5zzO4j9u9Jg_18kXZsO2cBML3Y2p9NpAFceUyRbtKI15GnkFKTpZBvPqdM1trEAJxZ8OIE4vu8zvoTWnIQ2T0f7YFa2xVz4LIGmZGgA2m2pcNLgF9V1LKa95AdTWB2w4dQm74HzCvceI0HC-OYzTNc8fg-0Wr4EBaFywA-6m1zwmNVTIdzhuX85ig-syxvzHGVuu6rYPGzNHCSxe9_pt7GgSdAa9VUlpOPRMA7vIcLfFUT6KpiIEElrYEvQ.RFTh0NyA4PcZqXo4geDOCez7VAGD46lxpMVBhb5xYEo&dib_tag=se&qid=1776290580&refinements=p_n_g-1004227705091%3A16926165011&rnid=14630382011&s=apparel&sr=1-7,,Amazon Essentials,https://www.amazon.com/Amazon-Essentials-Standard-Straight-Fit-Regular/dp/B07RM83682/ref=sr_1_7?dib=eyJ2IjoiMSJ9.dul5ikqohW02OiCe087MbzfXYXm5zzO4j9u9Jg_18kXZsO2cBML3Y2p9NpAFceUyRbtKI15GnkFKTpZBvPqdM1trEAJxZ8OIE4vu8zvoTWnIQ2T0f7YFa2xVz4LIGmZGgA2m2pcNLgF9V1LKa95AdTWB2w4dQm74HzCvceI0HC-OYzTNc8fg-0Wr4EBaFywA-6m1zwmNVTIdzhuX85ig-syxvzHGVuu6rYPGzNHCSxe9_pt7GgSdAa9VUlpOPRMA7vIcLfFUT6KpiIEElrYEvQ.RFTh0NyA4PcZqXo4geDOCez7VAGD46lxpMVBhb5xYEo&dib_tag=se&qid=1776290580&refinements=p_n_g-1004227705091%3A16926165011&rnid=14630382011&s=apparel&sr=1-7#customerReviews,Women's Mid Rise Slim Straight Jean,4.3,4.3 out of 5 stars,https://www.amazon.com/Amazon-Essentials-Standard-Straight-Fit-Regular/dp/B07RM83682/ref=sr_1_7?dib=eyJ2IjoiMSJ9.dul5ikqohW02OiCe087MbzfXYXm5zzO4j9u9Jg_18kXZsO2cBML3Y2p9NpAFceUyRbtKI15GnkFKTpZBvPqdM1trEAJxZ8OIE4vu8zvoTWnIQ2T0f7YFa2xVz4LIGmZGgA2m2pcNLgF9V1LKa95AdTWB2w4dQm74HzCvceI0HC-OYzTNc8fg-0Wr4EBaFywA-6m1zwmNVTIdzhuX85ig-syxvzHGVuu6rYPGzNHCSxe9_pt7GgSdAa9VUlpOPRMA7vIcLfFUT6KpiIEElrYEvQ.RFTh0NyA4PcZqXo4geDOCez7VAGD46lxpMVBhb5xYEo&dib_tag=se&qid=1776290580&refinements=p_n_g-1004227705091%3A16926165011&rnid=14630382011&s=apparel&sr=1-7,(3.9K),200+ bought in past month,javascript:void(0),,https://www.amazon.com/s?rh=n%3A1048188%2Cp_n_g-1004227705091%3A16926165011&dc&qid=1776290558&rnid=14630382011&ref=sr_nr_p_n_g-1004227705091_0#,$17.60 ,17,60,Typical: $19.90,Typical:,$19.90 ,to get FREE delivery,"Sat, Apr 18","(function(f){var _np=(window.P._namespace(""udm-kata-inline-prime-signup-ingress-script""));if(_np.guardFatal){_np.guardFatal(f)(_np);}else{f(_np);}}(function(P){P.when('ready').execute(""udm-npa-prime-signup-ingress"",()=>{P.load.js(""https://d1nruqhae353qc.cloudfront.net/primesignup/widget.js"");});}));","Tue, Apr 21",.prime-brand-color {color: #0064f9; },Join Prime,Or Non-members get FREE delivery  on $35 of items shipped by Amazon,https://m.media-amazon.com/images/I/11++B3A2NEL._SS200_.png,Safer chemicals,Sustainability features,This product has sustainability features recognized by trusted certifications.,javascript:void(0),Safer chemicals,Made with chemicals safer for human health and the environment.,As certified by,OEKO-TEX STANDARD 100,Learn more about OEKO-TEX STANDARD 100,OEKO-TEX STANDARD 100,"OEKO-TEX® STANDARD 100 certified products require every component of a textiles production including all thread, buttons, and trims to be tested against a list of more than 1,000 regulated and unregulated chemicals which may be harmful to human health. The assessment process is globally standardised, independently conducted, and updated at least once per year based on new scientific information or regulatory requirements.",Certification Body,HOHENSTEIN,Certification Number,24.HIN.28757,https://www.amazon.com/climatepledgefriendly,Discover more products with sustainability features.
https://www.amazon.com/Amazon-Essentials-Womens-Jegging-Regular/dp/B07RMMWBCC/ref=sr_1_8?dib=eyJ2IjoiMSJ9.dul5ikqohW02OiCe087MbzfXYXm5zzO4j9u9Jg_18kXZsO2cBML3Y2p9NpAFceUyRbtKI15GnkFKTpZBvPqdM1trEAJxZ8OIE4vu8zvoTWnIQ2T0f7YFa2xVz4LIGmZGgA2m2pcNLgF9V1LKa95AdTWB2w4dQm74HzCvceI0HC-OYzTNc8fg-0Wr4EBaFywA-6m1zwmNVTIdzhuX85ig-syxvzHGVuu6rYPGzNHCSxe9_pt7GgSdAa9VUlpOPRMA7vIcLfFUT6KpiIEElrYEvQ.RFTh0NyA4PcZqXo4geDOCez7VAGD46lxpMVBhb5xYEo&dib_tag=se&qid=1776290580&refinements=p_n_g-1004227705091%3A16926165011&rnid=14630382011&s=apparel&sr=1-8,https://m.media-amazon.com/images/I/815C+WHOQhL._AC_UL320_.jpg,,,,https://www.amazon.com/Amazon-Essentials-Womens-Jegging-Regular/dp/B07RMMWBCC/ref=sr_1_8?dib=eyJ2IjoiMSJ9.dul5ikqohW02OiCe087MbzfXYXm5zzO4j9u9Jg_18kXZsO2cBML3Y2p9NpAFceUyRbtKI15GnkFKTpZBvPqdM1trEAJxZ8OIE4vu8zvoTWnIQ2T0f7YFa2xVz4LIGmZGgA2m2pcNLgF9V1LKa95AdTWB2w4dQm74HzCvceI0HC-OYzTNc8fg-0Wr4EBaFywA-6m1zwmNVTIdzhuX85ig-syxvzHGVuu6rYPGzNHCSxe9_pt7GgSdAa9VUlpOPRMA7vIcLfFUT6KpiIEElrYEvQ.RFTh0NyA4PcZqXo4geDOCez7VAGD46lxpMVBhb5xYEo&dib_tag=se&qid=1776290580&refinements=p_n_g-1004227705091%3A16926165011&rnid=14630382011&s=apparel&sr=1-8,,Amazon Essentials,https://www.amazon.com/Amazon-Essentials-Womens-Jegging-Regular/dp/B07RMMWBCC/ref=sr_1_8?dib=eyJ2IjoiMSJ9.dul5ikqohW02OiCe087MbzfXYXm5zzO4j9u9Jg_18kXZsO2cBML3Y2p9NpAFceUyRbtKI15GnkFKTpZBvPqdM1trEAJxZ8OIE4vu8zvoTWnIQ2T0f7YFa2xVz4LIGmZGgA2m2pcNLgF9V1LKa95AdTWB2w4dQm74HzCvceI0HC-OYzTNc8fg-0Wr4EBaFywA-6m1zwmNVTIdzhuX85ig-syxvzHGVuu6rYPGzNHCSxe9_pt7GgSdAa9VUlpOPRMA7vIcLfFUT6KpiIEElrYEvQ.RFTh0NyA4PcZqXo4geDOCez7VAGD46lxpMVBhb5xYEo&dib_tag=se&qid=1776290580&refinements=p_n_g-1004227705091%3A16926165011&rnid=14630382011&s=apparel&sr=1-8#customerReviews,Women's Mid-Rise Stretch Pull-On Jegging,4.2,4.2 out of 5 stars,https://www.amazon.com/Amazon-Essentials-Womens-Jegging-Regular/dp/B07RMMWBCC/ref=sr_1_8?dib=eyJ2IjoiMSJ9.dul5ikqohW02OiCe087MbzfXYXm5zzO4j9u9Jg_18kXZsO2cBML3Y2p9NpAFceUyRbtKI15GnkFKTpZBvPqdM1trEAJxZ8OIE4vu8zvoTWnIQ2T0f7YFa2xVz4LIGmZGgA2m2pcNLgF9V1LKa95AdTWB2w4dQm74HzCvceI0HC-OYzTNc8fg-0Wr4EBaFywA-6m1zwmNVTIdzhuX85ig-syxvzHGVuu6rYPGzNHCSxe9_pt7GgSdAa9VUlpOPRMA7vIcLfFUT6KpiIEElrYEvQ.RFTh0NyA4PcZqXo4geDOCez7VAGD46lxpMVBhb5xYEo&dib_tag=se&qid=1776290580&refinements=p_n_g-1004227705091%3A16926165011&rnid=14630382011&s=apparel&sr=1-8,(28.3K),200+ bought in past month,javascript:void(0),,https://www.amazon.com/s?rh=n%3A1048188%2Cp_n_g-1004227705091%3A16926165011&dc&qid=1776290558&rnid=14630382011&ref=sr_nr_p_n_g-1004227705091_0#,$17.62 ,17,62,,Safer chemicals,,to get FREE delivery  on eligible orders,Overnight 7 AM - 11 AM,"(function(f){var _np=(window.P._namespace(""udm-kata-inline-prime-signup-ingress-script""));if(_np.guardFatal){_np.guardFatal(f)(_np);}else{f(_np);}}(function(P){P.when('ready').execute(""udm-npa-prime-signup-ingress"",()=>{P.load.js(""https://d1nruqhae353qc.cloudfront.net/primesignup/widget.js"");});}));","Mon, Apr 20",.prime-brand-color {color: #0064f9; },Join Prime,Or Non-members get FREE delivery  on $35 of items shipped by Amazon,https://m.media-amazon.com/images/I/11++B3A2NEL._SS200_.png,This product has sustainability features recognized by trusted certifications.,Sustainability features,Made with chemicals safer for human health and the environment.,javascript:void(0),Safer chemicals,OEKO-TEX STANDARD 100,As certified by,"OEKO-TEX® STANDARD 100 certified products require every component of a textiles production including all thread, buttons, and trims to be tested against a list of more than 1,000 regulated and unregulated chemicals which may be harmful to human health. The assessment process is globally standardised, independently conducted, and updated at least once per year based on new scientific information or regulatory requirements.",Learn more about OEKO-TEX STANDARD 100,OEKO-TEX STANDARD 100,Certification Body,HOHENSTEIN,Certification Number,24.HIN.28757,Discover more products with sustainability features.,https://www.amazon.com/climatepledgefriendly,Learn more
https://www.amazon.com/Amazon-Essentials-Standard-High-Rise-Regular/dp/B07QTDFJZP/ref=sr_1_9?dib=eyJ2IjoiMSJ9.dul5ikqohW02OiCe087MbzfXYXm5zzO4j9u9Jg_18kXZsO2cBML3Y2p9NpAFceUyRbtKI15GnkFKTpZBvPqdM1trEAJxZ8OIE4vu8zvoTWnIQ2T0f7YFa2xVz4LIGmZGgA2m2pcNLgF9V1LKa95AdTWB2w4dQm74HzCvceI0HC-OYzTNc8fg-0Wr4EBaFywA-6m1zwmNVTIdzhuX85ig-syxvzHGVuu6rYPGzNHCSxe9_pt7GgSdAa9VUlpOPRMA7vIcLfFUT6KpiIEElrYEvQ.RFTh0NyA4PcZqXo4geDOCez7VAGD46lxpMVBhb5xYEo&dib_tag=se&qid=1776290580&refinements=p_n_g-1004227705091%3A16926165011&rnid=14630382011&s=apparel&sr=1-9,https://m.media-amazon.com/images/I/81NH6xJQyjL._AC_UL320_.jpg,,,,https://www.amazon.com/Amazon-Essentials-Standard-High-Rise-Regular/dp/B07QTDFJZP/ref=sr_1_9?dib=eyJ2IjoiMSJ9.dul5ikqohW02OiCe087MbzfXYXm5zzO4j9u9Jg_18kXZsO2cBML3Y2p9NpAFceUyRbtKI15GnkFKTpZBvPqdM1trEAJxZ8OIE4vu8zvoTWnIQ2T0f7YFa2xVz4LIGmZGgA2m2pcNLgF9V1LKa95AdTWB2w4dQm74HzCvceI0HC-OYzTNc8fg-0Wr4EBaFywA-6m1zwmNVTIdzhuX85ig-syxvzHGVuu6rYPGzNHCSxe9_pt7GgSdAa9VUlpOPRMA7vIcLfFUT6KpiIEElrYEvQ.RFTh0NyA4PcZqXo4geDOCez7VAGD46lxpMVBhb5xYEo&dib_tag=se&qid=1776290580&refinements=p_n_g-1004227705091%3A16926165011&rnid=14630382011&s=apparel&sr=1-9,,Amazon Essentials,https://www.amazon.com/Amazon-Essentials-Standard-High-Rise-Regular/dp/B07QTDFJZP/ref=sr_1_9?dib=eyJ2IjoiMSJ9.dul5ikqohW02OiCe087MbzfXYXm5zzO4j9u9Jg_18kXZsO2cBML3Y2p9NpAFceUyRbtKI15GnkFKTpZBvPqdM1trEAJxZ8OIE4vu8zvoTWnIQ2T0f7YFa2xVz4LIGmZGgA2m2pcNLgF9V1LKa95AdTWB2w4dQm74HzCvceI0HC-OYzTNc8fg-0Wr4EBaFywA-6m1zwmNVTIdzhuX85ig-syxvzHGVuu6rYPGzNHCSxe9_pt7GgSdAa9VUlpOPRMA7vIcLfFUT6KpiIEElrYEvQ.RFTh0NyA4PcZqXo4geDOCez7VAGD46lxpMVBhb5xYEo&dib_tag=se&qid=1776290580&refinements=p_n_g-1004227705091%3A16926165011&rnid=14630382011&s=apparel&sr=1-9#customerReviews,Women's Pull-On Mid Rise Stretchy Knit Jegging (Available in Plus Size),4.2,4.2 out of 5 stars,https://www.amazon.com/Amazon-Essentials-Standard-High-Rise-Regular/dp/B07QTDFJZP/ref=sr_1_9?dib=eyJ2IjoiMSJ9.dul5ikqohW02OiCe087MbzfXYXm5zzO4j9u9Jg_18kXZsO2cBML3Y2p9NpAFceUyRbtKI15GnkFKTpZBvPqdM1trEAJxZ8OIE4vu8zvoTWnIQ2T0f7YFa2xVz4LIGmZGgA2m2pcNLgF9V1LKa95AdTWB2w4dQm74HzCvceI0HC-OYzTNc8fg-0Wr4EBaFywA-6m1zwmNVTIdzhuX85ig-syxvzHGVuu6rYPGzNHCSxe9_pt7GgSdAa9VUlpOPRMA7vIcLfFUT6KpiIEElrYEvQ.RFTh0NyA4PcZqXo4geDOCez7VAGD46lxpMVBhb5xYEo&dib_tag=se&qid=1776290580&refinements=p_n_g-1004227705091%3A16926165011&rnid=14630382011&s=apparel&sr=1-9,(10.6K),50+ bought in past month,javascript:void(0),,https://www.amazon.com/s?rh=n%3A1048188%2Cp_n_g-1004227705091%3A16926165011&dc&qid=1776290558&rnid=14630382011&ref=sr_nr_p_n_g-1004227705091_0#,$16.20 ,16,20,Typical: $19.15,Typical:,$19.15 ,to get FREE delivery  on eligible orders,Overnight 7 AM - 11 AM,"(function(f){var _np=(window.P._namespace(""udm-kata-inline-prime-signup-ingress-script""));if(_np.guardFatal){_np.guardFatal(f)(_np);}else{f(_np);}}(function(P){P.when('ready').execute(""udm-npa-prime-signup-ingress"",()=>{P.load.js(""https://d1nruqhae353qc.cloudfront.net/primesignup/widget.js"");});}));","Mon, Apr 20",.prime-brand-color {color: #0064f9; },Join Prime,Or Non-members get FREE delivery  on $35 of items shipped by Amazon,https://m.media-amazon.com/images/I/11++B3A2NEL._SS200_.png,Safer chemicals,Sustainability features,This product has sustainability features recognized by trusted certifications.,javascript:void(0),Safer chemicals,Made with chemicals safer for human health and the environment.,As certified by,OEKO-TEX STANDARD 100,Learn more about OEKO-TEX STANDARD 100,OEKO-TEX STANDARD 100,"OEKO-TEX® STANDARD 100 certified products require every component of a textiles production including all thread, buttons, and trims to be tested against a list of more than 1,000 regulated and unregulated chemicals which may be harmful to human health. The assessment process is globally standardised, independently conducted, and updated at least once per year based on new scientific information or regulatory requirements.",Certification Body,HOHENSTEIN,Certification Number,24.HIN.28757,https://www.amazon.com/climatepledgefriendly,Discover more products with sustainability features.
https://www.amazon.com/Amazon-Essentials-Womens-Standard-Skinny/dp/B07ZG7C4ZG/ref=sr_1_10?dib=eyJ2IjoiMSJ9.dul5ikqohW02OiCe087MbzfXYXm5zzO4j9u9Jg_18kXZsO2cBML3Y2p9NpAFceUyRbtKI15GnkFKTpZBvPqdM1trEAJxZ8OIE4vu8zvoTWnIQ2T0f7YFa2xVz4LIGmZGgA2m2pcNLgF9V1LKa95AdTWB2w4dQm74HzCvceI0HC-OYzTNc8fg-0Wr4EBaFywA-6m1zwmNVTIdzhuX85ig-syxvzHGVuu6rYPGzNHCSxe9_pt7GgSdAa9VUlpOPRMA7vIcLfFUT6KpiIEElrYEvQ.RFTh0NyA4PcZqXo4geDOCez7VAGD46lxpMVBhb5xYEo&dib_tag=se&qid=1776290580&refinements=p_n_g-1004227705091%3A16926165011&rnid=14630382011&s=apparel&sr=1-10,https://m.media-amazon.com/images/I/71m9iXR-PAL._AC_UL320_.jpg,,,,https://www.amazon.com/Amazon-Essentials-Womens-Standard-Skinny/dp/B07ZG7C4ZG/ref=sr_1_10?dib=eyJ2IjoiMSJ9.dul5ikqohW02OiCe087MbzfXYXm5zzO4j9u9Jg_18kXZsO2cBML3Y2p9NpAFceUyRbtKI15GnkFKTpZBvPqdM1trEAJxZ8OIE4vu8zvoTWnIQ2T0f7YFa2xVz4LIGmZGgA2m2pcNLgF9V1LKa95AdTWB2w4dQm74HzCvceI0HC-OYzTNc8fg-0Wr4EBaFywA-6m1zwmNVTIdzhuX85ig-syxvzHGVuu6rYPGzNHCSxe9_pt7GgSdAa9VUlpOPRMA7vIcLfFUT6KpiIEElrYEvQ.RFTh0NyA4PcZqXo4geDOCez7VAGD46lxpMVBhb5xYEo&dib_tag=se&qid=1776290580&refinements=p_n_g-1004227705091%3A16926165011&rnid=14630382011&s=apparel&sr=1-10,,Amazon Essentials,https://www.amazon.com/Amazon-Essentials-Womens-Standard-Skinny/dp/B07ZG7C4ZG/ref=sr_1_10?dib=eyJ2IjoiMSJ9.dul5ikqohW02OiCe087MbzfXYXm5zzO4j9u9Jg_18kXZsO2cBML3Y2p9NpAFceUyRbtKI15GnkFKTpZBvPqdM1trEAJxZ8OIE4vu8zvoTWnIQ2T0f7YFa2xVz4LIGmZGgA2m2pcNLgF9V1LKa95AdTWB2w4dQm74HzCvceI0HC-OYzTNc8fg-0Wr4EBaFywA-6m1zwmNVTIdzhuX85ig-syxvzHGVuu6rYPGzNHCSxe9_pt7GgSdAa9VUlpOPRMA7vIcLfFUT6KpiIEElrYEvQ.RFTh0NyA4PcZqXo4geDOCez7VAGD46lxpMVBhb5xYEo&dib_tag=se&qid=1776290580&refinements=p_n_g-1004227705091%3A16926165011&rnid=14630382011&s=apparel&sr=1-10#customerReviews,Women's Mid Rise Curvy Skinny Jeans,4.1,4.1 out of 5 stars,https://www.amazon.com/Amazon-Essentials-Womens-Standard-Skinny/dp/B07ZG7C4ZG/ref=sr_1_10?dib=eyJ2IjoiMSJ9.dul5ikqohW02OiCe087MbzfXYXm5zzO4j9u9Jg_18kXZsO2cBML3Y2p9NpAFceUyRbtKI15GnkFKTpZBvPqdM1trEAJxZ8OIE4vu8zvoTWnIQ2T0f7YFa2xVz4LIGmZGgA2m2pcNLgF9V1LKa95AdTWB2w4dQm74HzCvceI0HC-OYzTNc8fg-0Wr4EBaFywA-6m1zwmNVTIdzhuX85ig-syxvzHGVuu6rYPGzNHCSxe9_pt7GgSdAa9VUlpOPRMA7vIcLfFUT6KpiIEElrYEvQ.RFTh0NyA4PcZqXo4geDOCez7VAGD46lxpMVBhb5xYEo&dib_tag=se&qid=1776290580&refinements=p_n_g-1004227705091%3A16926165011&rnid=14630382011&s=apparel&sr=1-10,(4K),50+ bought in past month,javascript:void(0),,https://www.amazon.com/s?rh=n%3A1048188%2Cp_n_g-1004227705091%3A16926165011&dc&qid=1776290558&rnid=14630382011&ref=sr_nr_p_n_g-1004227705091_0#,$31.40 ,31,40,,Safer chemicals,,to get FREE delivery,Overnight 7 AM - 11 AM,"(function(f){var _np=(window.P._namespace(""udm-kata-inline-prime-signup-ingress-script""));if(_np.guardFatal){_np.guardFatal(f)(_np);}else{f(_np);}}(function(P){P.when('ready').execute(""udm-npa-prime-signup-ingress"",()=>{P.load.js(""https://d1nruqhae353qc.cloudfront.net/primesignup/widget.js"");});}));","Mon, Apr 20",.prime-brand-color {color: #0064f9; },Join Prime,Or Non-members get FREE delivery  on $35 of items shipped by Amazon,https://m.media-amazon.com/images/I/11++B3A2NEL._SS200_.png,This product has sustainability features recognized by trusted certifications.,Sustainability features,Made with chemicals safer for human health and the environment.,javascript:void(0),Safer chemicals,OEKO-TEX STANDARD 100,As certified by,"OEKO-TEX® STANDARD 100 certified products require every component of a textiles production including all thread, buttons, and trims to be tested against a list of more than 1,000 regulated and unregulated chemicals which may be harmful to human health. The assessment process is globally standardised, independently conducted, and updated at least once per year based on new scientific information or regulatory requirements.",Learn more about OEKO-TEX STANDARD 100,OEKO-TEX STANDARD 100,Certification Body,HOHENSTEIN,Certification Number,24.HIN.28757,Discover more products with sustainability features.,https://www.amazon.com/climatepledgefriendly,Learn more
https://www.amazon.com/Amazon-Essentials-Womens-Bootcut-Short/dp/B07RL5Z8CP/ref=sr_1_11?dib=eyJ2IjoiMSJ9.dul5ikqohW02OiCe087MbzfXYXm5zzO4j9u9Jg_18kXZsO2cBML3Y2p9NpAFceUyRbtKI15GnkFKTpZBvPqdM1trEAJxZ8OIE4vu8zvoTWnIQ2T0f7YFa2xVz4LIGmZGgA2m2pcNLgF9V1LKa95AdTWB2w4dQm74HzCvceI0HC-OYzTNc8fg-0Wr4EBaFywA-6m1zwmNVTIdzhuX85ig-syxvzHGVuu6rYPGzNHCSxe9_pt7GgSdAa9VUlpOPRMA7vIcLfFUT6KpiIEElrYEvQ.RFTh0NyA4PcZqXo4geDOCez7VAGD46lxpMVBhb5xYEo&dib_tag=se&qid=1776290580&refinements=p_n_g-1004227705091%3A16926165011&rnid=14630382011&s=apparel&sr=1-11,https://m.media-amazon.com/images/I/81OjQDbIYPL._AC_UL320_.jpg,,,,https://www.amazon.com/Amazon-Essentials-Womens-Bootcut-Short/dp/B07RL5Z8CP/ref=sr_1_11?dib=eyJ2IjoiMSJ9.dul5ikqohW02OiCe087MbzfXYXm5zzO4j9u9Jg_18kXZsO2cBML3Y2p9NpAFceUyRbtKI15GnkFKTpZBvPqdM1trEAJxZ8OIE4vu8zvoTWnIQ2T0f7YFa2xVz4LIGmZGgA2m2pcNLgF9V1LKa95AdTWB2w4dQm74HzCvceI0HC-OYzTNc8fg-0Wr4EBaFywA-6m1zwmNVTIdzhuX85ig-syxvzHGVuu6rYPGzNHCSxe9_pt7GgSdAa9VUlpOPRMA7vIcLfFUT6KpiIEElrYEvQ.RFTh0NyA4PcZqXo4geDOCez7VAGD46lxpMVBhb5xYEo&dib_tag=se&qid=1776290580&refinements=p_n_g-1004227705091%3A16926165011&rnid=14630382011&s=apparel&sr=1-11,,Amazon Essentials,https://www.amazon.com/Amazon-Essentials-Womens-Bootcut-Short/dp/B07RL5Z8CP/ref=sr_1_11?dib=eyJ2IjoiMSJ9.dul5ikqohW02OiCe087MbzfXYXm5zzO4j9u9Jg_18kXZsO2cBML3Y2p9NpAFceUyRbtKI15GnkFKTpZBvPqdM1trEAJxZ8OIE4vu8zvoTWnIQ2T0f7YFa2xVz4LIGmZGgA2m2pcNLgF9V1LKa95AdTWB2w4dQm74HzCvceI0HC-OYzTNc8fg-0Wr4EBaFywA-6m1zwmNVTIdzhuX85ig-syxvzHGVuu6rYPGzNHCSxe9_pt7GgSdAa9VUlpOPRMA7vIcLfFUT6KpiIEElrYEvQ.RFTh0NyA4PcZqXo4geDOCez7VAGD46lxpMVBhb5xYEo&dib_tag=se&qid=1776290580&refinements=p_n_g-1004227705091%3A16926165011&rnid=14630382011&s=apparel&sr=1-11#customerReviews,Women's Mid-Rise Stretchy Slim Bootcut Jeans,4.1,4.1 out of 5 stars,https://www.amazon.com/Amazon-Essentials-Womens-Bootcut-Short/dp/B07RL5Z8CP/ref=sr_1_11?dib=eyJ2IjoiMSJ9.dul5ikqohW02OiCe087MbzfXYXm5zzO4j9u9Jg_18kXZsO2cBML3Y2p9NpAFceUyRbtKI15GnkFKTpZBvPqdM1trEAJxZ8OIE4vu8zvoTWnIQ2T0f7YFa2xVz4LIGmZGgA2m2pcNLgF9V1LKa95AdTWB2w4dQm74HzCvceI0HC-OYzTNc8fg-0Wr4EBaFywA-6m1zwmNVTIdzhuX85ig-syxvzHGVuu6rYPGzNHCSxe9_pt7GgSdAa9VUlpOPRMA7vIcLfFUT6KpiIEElrYEvQ.RFTh0NyA4PcZqXo4geDOCez7VAGD46lxpMVBhb5xYEo&dib_tag=se&qid=1776290580&refinements=p_n_g-1004227705091%3A16926165011&rnid=14630382011&s=apparel&sr=1-11,(4.6K),50+ bought in past month,javascript:void(0),,https://www.amazon.com/s?rh=n%3A1048188%2Cp_n_g-1004227705091%3A16926165011&dc&qid=1776290558&rnid=14630382011&ref=sr_nr_p_n_g-1004227705091_0#,$31.00 ,31,00,,Safer chemicals,,to get FREE delivery,"Tomorrow, Apr 16","(function(f){var _np=(window.P._namespace(""udm-kata-inline-prime-signup-ingress-script""));if(_np.guardFatal){_np.guardFatal(f)(_np);}else{f(_np);}}(function(P){P.when('ready').execute(""udm-npa-prime-signup-ingress"",()=>{P.load.js(""https://d1nruqhae353qc.cloudfront.net/primesignup/widget.js"");});}));","Mon, Apr 20",.prime-brand-color {color: #0064f9; },Join Prime,Or Non-members get FREE delivery  on $35 of items shipped by Amazon,https://m.media-amazon.com/images/I/11++B3A2NEL._SS200_.png,This product has sustainability features recognized by trusted certifications.,Sustainability features,Made with chemicals safer for human health and the environment.,javascript:void(0),Safer chemicals,OEKO-TEX STANDARD 100,As certified by,"OEKO-TEX® STANDARD 100 certified products require every component of a textiles production including all thread, buttons, and trims to be tested against a list of more than 1,000 regulated and unregulated chemicals which may be harmful to human health. The assessment process is globally standardised, independently conducted, and updated at least once per year based on new scientific information or regulatory requirements.",Learn more about OEKO-TEX STANDARD 100,OEKO-TEX STANDARD 100,Certification Body,HOHENSTEIN,Certification Number,24.HIN.28757,Discover more products with sustainability features.,https://www.amazon.com/climatepledgefriendly,Learn more
https://www.amazon.com/Drop-Womens-Frida-Relaxed-Jeans/dp/B0CNSVY2D5/ref=sr_1_12?dib=eyJ2IjoiMSJ9.dul5ikqohW02OiCe087MbzfXYXm5zzO4j9u9Jg_18kXZsO2cBML3Y2p9NpAFceUyRbtKI15GnkFKTpZBvPqdM1trEAJxZ8OIE4vu8zvoTWnIQ2T0f7YFa2xVz4LIGmZGgA2m2pcNLgF9V1LKa95AdTWB2w4dQm74HzCvceI0HC-OYzTNc8fg-0Wr4EBaFywA-6m1zwmNVTIdzhuX85ig-syxvzHGVuu6rYPGzNHCSxe9_pt7GgSdAa9VUlpOPRMA7vIcLfFUT6KpiIEElrYEvQ.RFTh0NyA4PcZqXo4geDOCez7VAGD46lxpMVBhb5xYEo&dib_tag=se&qid=1776290580&refinements=p_n_g-1004227705091%3A16926165011&rnid=14630382011&s=apparel&sr=1-12,https://m.media-amazon.com/images/I/61+zibmAYwL._AC_UL320_.jpg,,,,https://www.amazon.com/Drop-Womens-Frida-Relaxed-Jeans/dp/B0CNSVY2D5/ref=sr_1_12?dib=eyJ2IjoiMSJ9.dul5ikqohW02OiCe087MbzfXYXm5zzO4j9u9Jg_18kXZsO2cBML3Y2p9NpAFceUyRbtKI15GnkFKTpZBvPqdM1trEAJxZ8OIE4vu8zvoTWnIQ2T0f7YFa2xVz4LIGmZGgA2m2pcNLgF9V1LKa95AdTWB2w4dQm74HzCvceI0HC-OYzTNc8fg-0Wr4EBaFywA-6m1zwmNVTIdzhuX85ig-syxvzHGVuu6rYPGzNHCSxe9_pt7GgSdAa9VUlpOPRMA7vIcLfFUT6KpiIEElrYEvQ.RFTh0NyA4PcZqXo4geDOCez7VAGD46lxpMVBhb5xYEo&dib_tag=se&qid=1776290580&refinements=p_n_g-1004227705091%3A16926165011&rnid=14630382011&s=apparel&sr=1-12,,The Drop,https://www.amazon.com/Drop-Womens-Frida-Relaxed-Jeans/dp/B0CNSVY2D5/ref=sr_1_12?dib=eyJ2IjoiMSJ9.dul5ikqohW02OiCe087MbzfXYXm5zzO4j9u9Jg_18kXZsO2cBML3Y2p9NpAFceUyRbtKI15GnkFKTpZBvPqdM1trEAJxZ8OIE4vu8zvoTWnIQ2T0f7YFa2xVz4LIGmZGgA2m2pcNLgF9V1LKa95AdTWB2w4dQm74HzCvceI0HC-OYzTNc8fg-0Wr4EBaFywA-6m1zwmNVTIdzhuX85ig-syxvzHGVuu6rYPGzNHCSxe9_pt7GgSdAa9VUlpOPRMA7vIcLfFUT6KpiIEElrYEvQ.RFTh0NyA4PcZqXo4geDOCez7VAGD46lxpMVBhb5xYEo&dib_tag=se&qid=1776290580&refinements=p_n_g-1004227705091%3A16926165011&rnid=14630382011&s=apparel&sr=1-12#customerReviews,Women's Frida Relaxed Fit Jeans,3.8,3.8 out of 5 stars,https://www.amazon.com/Drop-Womens-Frida-Relaxed-Jeans/dp/B0CNSVY2D5/ref=sr_1_12?dib=eyJ2IjoiMSJ9.dul5ikqohW02OiCe087MbzfXYXm5zzO4j9u9Jg_18kXZsO2cBML3Y2p9NpAFceUyRbtKI15GnkFKTpZBvPqdM1trEAJxZ8OIE4vu8zvoTWnIQ2T0f7YFa2xVz4LIGmZGgA2m2pcNLgF9V1LKa95AdTWB2w4dQm74HzCvceI0HC-OYzTNc8fg-0Wr4EBaFywA-6m1zwmNVTIdzhuX85ig-syxvzHGVuu6rYPGzNHCSxe9_pt7GgSdAa9VUlpOPRMA7vIcLfFUT6KpiIEElrYEvQ.RFTh0NyA4PcZqXo4geDOCez7VAGD46lxpMVBhb5xYEo&dib_tag=se&qid=1776290580&refinements=p_n_g-1004227705091%3A16926165011&rnid=14630382011&s=apparel&sr=1-12,-408,,,Previously viewed,,$59.90 ,59,90,,,,to get FREE delivery,"Tomorrow, Apr 16","(function(f){var _np=(window.P._namespace(""udm-kata-inline-prime-signup-ingress-script""));if(_np.guardFatal){_np.guardFatal(f)(_np);}else{f(_np);}}(function(P){P.when('ready').execute(""udm-npa-prime-signup-ingress"",()=>{P.load.js(""https://d1nruqhae353qc.cloudfront.net/primesignup/widget.js"");});}));","Mon, Apr 20",.prime-brand-color {color: #0064f9; },Join Prime,Or Non-members get FREE delivery,,,,,,,,,,,,,,,,,,
https://www.amazon.com/Amazon-Essentials-High-Rise-Relaxed-Tapered/dp/B09QN1CFVD/ref=sr_1_13?dib=eyJ2IjoiMSJ9.dul5ikqohW02OiCe087MbzfXYXm5zzO4j9u9Jg_18kXZsO2cBML3Y2p9NpAFceUyRbtKI15GnkFKTpZBvPqdM1trEAJxZ8OIE4vu8zvoTWnIQ2T0f7YFa2xVz4LIGmZGgA2m2pcNLgF9V1LKa95AdTWB2w4dQm74HzCvceI0HC-OYzTNc8fg-0Wr4EBaFywA-6m1zwmNVTIdzhuX85ig-syxvzHGVuu6rYPGzNHCSxe9_pt7GgSdAa9VUlpOPRMA7vIcLfFUT6KpiIEElrYEvQ.RFTh0NyA4PcZqXo4geDOCez7VAGD46lxpMVBhb5xYEo&dib_tag=se&qid=1776290580&refinements=p_n_g-1004227705091%3A16926165011&rnid=14630382011&s=apparel&sr=1-13,https://m.media-amazon.com/images/I/71ZCf5JpRYL._AC_UL320_.jpg,,,,https://www.amazon.com/Amazon-Essentials-High-Rise-Relaxed-Tapered/dp/B09QN1CFVD/ref=sr_1_13?dib=eyJ2IjoiMSJ9.dul5ikqohW02OiCe087MbzfXYXm5zzO4j9u9Jg_18kXZsO2cBML3Y2p9NpAFceUyRbtKI15GnkFKTpZBvPqdM1trEAJxZ8OIE4vu8zvoTWnIQ2T0f7YFa2xVz4LIGmZGgA2m2pcNLgF9V1LKa95AdTWB2w4dQm74HzCvceI0HC-OYzTNc8fg-0Wr4EBaFywA-6m1zwmNVTIdzhuX85ig-syxvzHGVuu6rYPGzNHCSxe9_pt7GgSdAa9VUlpOPRMA7vIcLfFUT6KpiIEElrYEvQ.RFTh0NyA4PcZqXo4geDOCez7VAGD46lxpMVBhb5xYEo&dib_tag=se&qid=1776290580&refinements=p_n_g-1004227705091%3A16926165011&rnid=14630382011&s=apparel&sr=1-13,,Amazon Essentials,https://www.amazon.com/Amazon-Essentials-High-Rise-Relaxed-Tapered/dp/B09QN1CFVD/ref=sr_1_13?dib=eyJ2IjoiMSJ9.dul5ikqohW02OiCe087MbzfXYXm5zzO4j9u9Jg_18kXZsO2cBML3Y2p9NpAFceUyRbtKI15GnkFKTpZBvPqdM1trEAJxZ8OIE4vu8zvoTWnIQ2T0f7YFa2xVz4LIGmZGgA2m2pcNLgF9V1LKa95AdTWB2w4dQm74HzCvceI0HC-OYzTNc8fg-0Wr4EBaFywA-6m1zwmNVTIdzhuX85ig-syxvzHGVuu6rYPGzNHCSxe9_pt7GgSdAa9VUlpOPRMA7vIcLfFUT6KpiIEElrYEvQ.RFTh0NyA4PcZqXo4geDOCez7VAGD46lxpMVBhb5xYEo&dib_tag=se&qid=1776290580&refinements=p_n_g-1004227705091%3A16926165011&rnid=14630382011&s=apparel&sr=1-13#customerReviews,Women's High-Rise Relaxed Leg Tapered Ankle Jeans - Discontinued Colors,4,4.0 out of 5 stars,https://www.amazon.com/Amazon-Essentials-High-Rise-Relaxed-Tapered/dp/B09QN1CFVD/ref=sr_1_13?dib=eyJ2IjoiMSJ9.dul5ikqohW02OiCe087MbzfXYXm5zzO4j9u9Jg_18kXZsO2cBML3Y2p9NpAFceUyRbtKI15GnkFKTpZBvPqdM1trEAJxZ8OIE4vu8zvoTWnIQ2T0f7YFa2xVz4LIGmZGgA2m2pcNLgF9V1LKa95AdTWB2w4dQm74HzCvceI0HC-OYzTNc8fg-0Wr4EBaFywA-6m1zwmNVTIdzhuX85ig-syxvzHGVuu6rYPGzNHCSxe9_pt7GgSdAa9VUlpOPRMA7vIcLfFUT6KpiIEElrYEvQ.RFTh0NyA4PcZqXo4geDOCez7VAGD46lxpMVBhb5xYEo&dib_tag=se&qid=1776290580&refinements=p_n_g-1004227705091%3A16926165011&rnid=14630382011&s=apparel&sr=1-13,-363,Safer chemicals,javascript:void(0),,https://www.amazon.com/s?rh=n%3A1048188%2Cp_n_g-1004227705091%3A16926165011&dc&qid=1776290558&rnid=14630382011&ref=sr_nr_p_n_g-1004227705091_0#,$16.87 ,16,87,,This product has sustainability features recognized by trusted certifications.,,to get FREE delivery,"Fri, Apr 17","(function(f){var _np=(window.P._namespace(""udm-kata-inline-prime-signup-ingress-script""));if(_np.guardFatal){_np.guardFatal(f)(_np);}else{f(_np);}}(function(P){P.when('ready').execute(""udm-npa-prime-signup-ingress"",()=>{P.load.js(""https://d1nruqhae353qc.cloudfront.net/primesignup/widget.js"");});}));","Mon, Apr 20",.prime-brand-color {color: #0064f9; },Join Prime,Or Non-members get FREE delivery  on $35 of items shipped by Amazon,https://m.media-amazon.com/images/I/11++B3A2NEL._SS200_.png,Made with chemicals safer for human health and the environment.,Sustainability features,OEKO-TEX STANDARD 100,javascript:void(0),Safer chemicals,"OEKO-TEX® STANDARD 100 certified products require every component of a textiles production including all thread, buttons, and trims to be tested against a list of more than 1,000 regulated and unregulated chemicals which may be harmful to human health. The assessment process is globally standardised, independently conducted, and updated at least once per year based on new scientific information or regulatory requirements.",As certified by,Certification Body,Learn more about OEKO-TEX STANDARD 100,OEKO-TEX STANDARD 100,HOHENSTEIN,Certification Number,24.HIN.28757,Discover more products with sustainability features.,Learn more,https://www.amazon.com/climatepledgefriendly,
https://www.amazon.com/Amazon-Essentials-Womens-High-Rise-Straight/dp/B09QN28MJV/ref=sr_1_14?dib=eyJ2IjoiMSJ9.dul5ikqohW02OiCe087MbzfXYXm5zzO4j9u9Jg_18kXZsO2cBML3Y2p9NpAFceUyRbtKI15GnkFKTpZBvPqdM1trEAJxZ8OIE4vu8zvoTWnIQ2T0f7YFa2xVz4LIGmZGgA2m2pcNLgF9V1LKa95AdTWB2w4dQm74HzCvceI0HC-OYzTNc8fg-0Wr4EBaFywA-6m1zwmNVTIdzhuX85ig-syxvzHGVuu6rYPGzNHCSxe9_pt7GgSdAa9VUlpOPRMA7vIcLfFUT6KpiIEElrYEvQ.RFTh0NyA4PcZqXo4geDOCez7VAGD46lxpMVBhb5xYEo&dib_tag=se&qid=1776290580&refinements=p_n_g-1004227705091%3A16926165011&rnid=14630382011&s=apparel&sr=1-14,https://m.media-amazon.com/images/I/81YgWa-WwJL._AC_UL320_.jpg,,,,https://www.amazon.com/Amazon-Essentials-Womens-High-Rise-Straight/dp/B09QN28MJV/ref=sr_1_14?dib=eyJ2IjoiMSJ9.dul5ikqohW02OiCe087MbzfXYXm5zzO4j9u9Jg_18kXZsO2cBML3Y2p9NpAFceUyRbtKI15GnkFKTpZBvPqdM1trEAJxZ8OIE4vu8zvoTWnIQ2T0f7YFa2xVz4LIGmZGgA2m2pcNLgF9V1LKa95AdTWB2w4dQm74HzCvceI0HC-OYzTNc8fg-0Wr4EBaFywA-6m1zwmNVTIdzhuX85ig-syxvzHGVuu6rYPGzNHCSxe9_pt7GgSdAa9VUlpOPRMA7vIcLfFUT6KpiIEElrYEvQ.RFTh0NyA4PcZqXo4geDOCez7VAGD46lxpMVBhb5xYEo&dib_tag=se&qid=1776290580&refinements=p_n_g-1004227705091%3A16926165011&rnid=14630382011&s=apparel&sr=1-14,,Amazon Essentials,https://www.amazon.com/Amazon-Essentials-Womens-High-Rise-Straight/dp/B09QN28MJV/ref=sr_1_14?dib=eyJ2IjoiMSJ9.dul5ikqohW02OiCe087MbzfXYXm5zzO4j9u9Jg_18kXZsO2cBML3Y2p9NpAFceUyRbtKI15GnkFKTpZBvPqdM1trEAJxZ8OIE4vu8zvoTWnIQ2T0f7YFa2xVz4LIGmZGgA2m2pcNLgF9V1LKa95AdTWB2w4dQm74HzCvceI0HC-OYzTNc8fg-0Wr4EBaFywA-6m1zwmNVTIdzhuX85ig-syxvzHGVuu6rYPGzNHCSxe9_pt7GgSdAa9VUlpOPRMA7vIcLfFUT6KpiIEElrYEvQ.RFTh0NyA4PcZqXo4geDOCez7VAGD46lxpMVBhb5xYEo&dib_tag=se&qid=1776290580&refinements=p_n_g-1004227705091%3A16926165011&rnid=14630382011&s=apparel&sr=1-14#customerReviews,Women's High-Rise Straight Jeans - Discontinued Colors,4.1,4.1 out of 5 stars,https://www.amazon.com/Amazon-Essentials-Womens-High-Rise-Straight/dp/B09QN28MJV/ref=sr_1_14?dib=eyJ2IjoiMSJ9.dul5ikqohW02OiCe087MbzfXYXm5zzO4j9u9Jg_18kXZsO2cBML3Y2p9NpAFceUyRbtKI15GnkFKTpZBvPqdM1trEAJxZ8OIE4vu8zvoTWnIQ2T0f7YFa2xVz4LIGmZGgA2m2pcNLgF9V1LKa95AdTWB2w4dQm74HzCvceI0HC-OYzTNc8fg-0Wr4EBaFywA-6m1zwmNVTIdzhuX85ig-syxvzHGVuu6rYPGzNHCSxe9_pt7GgSdAa9VUlpOPRMA7vIcLfFUT6KpiIEElrYEvQ.RFTh0NyA4PcZqXo4geDOCez7VAGD46lxpMVBhb5xYEo&dib_tag=se&qid=1776290580&refinements=p_n_g-1004227705091%3A16926165011&rnid=14630382011&s=apparel&sr=1-14,-814,Typical:,javascript:void(0),,https://www.amazon.com/s?rh=n%3A1048188%2Cp_n_g-1004227705091%3A16926165011&dc&qid=1776290558&rnid=14630382011&ref=sr_nr_p_n_g-1004227705091_0#,$19.40 ,19,40,Typical: $21.69,Safer chemicals,$21.69 ,to get FREE delivery,"Fri, Apr 17","(function(f){var _np=(window.P._namespace(""udm-kata-inline-prime-signup-ingress-script""));if(_np.guardFatal){_np.guardFatal(f)(_np);}else{f(_np);}}(function(P){P.when('ready').execute(""udm-npa-prime-signup-ingress"",()=>{P.load.js(""https://d1nruqhae353qc.cloudfront.net/primesignup/widget.js"");});}));","Mon, Apr 20",.prime-brand-color {color: #0064f9; },Join Prime,Or Non-members get FREE delivery  on $35 of items shipped by Amazon,https://m.media-amazon.com/images/I/11++B3A2NEL._SS200_.png,This product has sustainability features recognized by trusted certifications.,Sustainability features,Made with chemicals safer for human health and the environment.,javascript:void(0),Safer chemicals,OEKO-TEX STANDARD 100,As certified by,"OEKO-TEX® STANDARD 100 certified products require every component of a textiles production including all thread, buttons, and trims to be tested against a list of more than 1,000 regulated and unregulated chemicals which may be harmful to human health. The assessment process is globally standardised, independently conducted, and updated at least once per year based on new scientific information or regulatory requirements.",Learn more about OEKO-TEX STANDARD 100,OEKO-TEX STANDARD 100,Certification Body,HOHENSTEIN,Certification Number,24.HIN.28757,Discover more products with sustainability features.,https://www.amazon.com/climatepledgefriendly,Learn more
https://www.amazon.com/Drop-Vintage-Ian-Relaxed-Straight/dp/B0B4B6JDWS/ref=sr_1_15?dib=eyJ2IjoiMSJ9.dul5ikqohW02OiCe087MbzfXYXm5zzO4j9u9Jg_18kXZsO2cBML3Y2p9NpAFceUyRbtKI15GnkFKTpZBvPqdM1trEAJxZ8OIE4vu8zvoTWnIQ2T0f7YFa2xVz4LIGmZGgA2m2pcNLgF9V1LKa95AdTWB2w4dQm74HzCvceI0HC-OYzTNc8fg-0Wr4EBaFywA-6m1zwmNVTIdzhuX85ig-syxvzHGVuu6rYPGzNHCSxe9_pt7GgSdAa9VUlpOPRMA7vIcLfFUT6KpiIEElrYEvQ.RFTh0NyA4PcZqXo4geDOCez7VAGD46lxpMVBhb5xYEo&dib_tag=se&qid=1776290580&refinements=p_n_g-1004227705091%3A16926165011&rnid=14630382011&s=apparel&sr=1-15,https://m.media-amazon.com/images/I/81rLYdLRzsL._AC_UL320_.jpg,,,,https://www.amazon.com/Drop-Vintage-Ian-Relaxed-Straight/dp/B0B4B6JDWS/ref=sr_1_15?dib=eyJ2IjoiMSJ9.dul5ikqohW02OiCe087MbzfXYXm5zzO4j9u9Jg_18kXZsO2cBML3Y2p9NpAFceUyRbtKI15GnkFKTpZBvPqdM1trEAJxZ8OIE4vu8zvoTWnIQ2T0f7YFa2xVz4LIGmZGgA2m2pcNLgF9V1LKa95AdTWB2w4dQm74HzCvceI0HC-OYzTNc8fg-0Wr4EBaFywA-6m1zwmNVTIdzhuX85ig-syxvzHGVuu6rYPGzNHCSxe9_pt7GgSdAa9VUlpOPRMA7vIcLfFUT6KpiIEElrYEvQ.RFTh0NyA4PcZqXo4geDOCez7VAGD46lxpMVBhb5xYEo&dib_tag=se&qid=1776290580&refinements=p_n_g-1004227705091%3A16926165011&rnid=14630382011&s=apparel&sr=1-15,,The Drop,https://www.amazon.com/Drop-Vintage-Ian-Relaxed-Straight/dp/B0B4B6JDWS/ref=sr_1_15?dib=eyJ2IjoiMSJ9.dul5ikqohW02OiCe087MbzfXYXm5zzO4j9u9Jg_18kXZsO2cBML3Y2p9NpAFceUyRbtKI15GnkFKTpZBvPqdM1trEAJxZ8OIE4vu8zvoTWnIQ2T0f7YFa2xVz4LIGmZGgA2m2pcNLgF9V1LKa95AdTWB2w4dQm74HzCvceI0HC-OYzTNc8fg-0Wr4EBaFywA-6m1zwmNVTIdzhuX85ig-syxvzHGVuu6rYPGzNHCSxe9_pt7GgSdAa9VUlpOPRMA7vIcLfFUT6KpiIEElrYEvQ.RFTh0NyA4PcZqXo4geDOCez7VAGD46lxpMVBhb5xYEo&dib_tag=se&qid=1776290580&refinements=p_n_g-1004227705091%3A16926165011&rnid=14630382011&s=apparel&sr=1-15#customerReviews,Women's Ian Mid Rise Relaxed Straight Side Slit Detail,3.7,3.7 out of 5 stars,https://www.amazon.com/Drop-Vintage-Ian-Relaxed-Straight/dp/B0B4B6JDWS/ref=sr_1_15?dib=eyJ2IjoiMSJ9.dul5ikqohW02OiCe087MbzfXYXm5zzO4j9u9Jg_18kXZsO2cBML3Y2p9NpAFceUyRbtKI15GnkFKTpZBvPqdM1trEAJxZ8OIE4vu8zvoTWnIQ2T0f7YFa2xVz4LIGmZGgA2m2pcNLgF9V1LKa95AdTWB2w4dQm74HzCvceI0HC-OYzTNc8fg-0Wr4EBaFywA-6m1zwmNVTIdzhuX85ig-syxvzHGVuu6rYPGzNHCSxe9_pt7GgSdAa9VUlpOPRMA7vIcLfFUT6KpiIEElrYEvQ.RFTh0NyA4PcZqXo4geDOCez7VAGD46lxpMVBhb5xYEo&dib_tag=se&qid=1776290580&refinements=p_n_g-1004227705091%3A16926165011&rnid=14630382011&s=apparel&sr=1-15,-163,,,,,$54.90 ,54,90,,,,to get FREE delivery,"Fri, Apr 17","(function(f){var _np=(window.P._namespace(""udm-kata-inline-prime-signup-ingress-script""));if(_np.guardFatal){_np.guardFatal(f)(_np);}else{f(_np);}}(function(P){P.when('ready').execute(""udm-npa-prime-signup-ingress"",()=>{P.load.js(""https://d1nruqhae353qc.cloudfront.net/primesignup/widget.js"");});}));","Mon, Apr 20",.prime-brand-color {color: #0064f9; },Join Prime,Or Non-members get FREE delivery,,,,,,,,,,,,,,,,,,
https://www.amazon.com/Drop-Womens-Alyona-Flare-Indigo/dp/B0CWTSLGV7/ref=sr_1_16?dib=eyJ2IjoiMSJ9.dul5ikqohW02OiCe087MbzfXYXm5zzO4j9u9Jg_18kXZsO2cBML3Y2p9NpAFceUyRbtKI15GnkFKTpZBvPqdM1trEAJxZ8OIE4vu8zvoTWnIQ2T0f7YFa2xVz4LIGmZGgA2m2pcNLgF9V1LKa95AdTWB2w4dQm74HzCvceI0HC-OYzTNc8fg-0Wr4EBaFywA-6m1zwmNVTIdzhuX85ig-syxvzHGVuu6rYPGzNHCSxe9_pt7GgSdAa9VUlpOPRMA7vIcLfFUT6KpiIEElrYEvQ.RFTh0NyA4PcZqXo4geDOCez7VAGD46lxpMVBhb5xYEo&dib_tag=se&qid=1776290580&refinements=p_n_g-1004227705091%3A16926165011&rnid=14630382011&s=apparel&sr=1-16,https://m.media-amazon.com/images/I/718fMZJ4HAL._AC_UL320_.jpg,,,,https://www.amazon.com/Drop-Womens-Alyona-Flare-Indigo/dp/B0CWTSLGV7/ref=sr_1_16?dib=eyJ2IjoiMSJ9.dul5ikqohW02OiCe087MbzfXYXm5zzO4j9u9Jg_18kXZsO2cBML3Y2p9NpAFceUyRbtKI15GnkFKTpZBvPqdM1trEAJxZ8OIE4vu8zvoTWnIQ2T0f7YFa2xVz4LIGmZGgA2m2pcNLgF9V1LKa95AdTWB2w4dQm74HzCvceI0HC-OYzTNc8fg-0Wr4EBaFywA-6m1zwmNVTIdzhuX85ig-syxvzHGVuu6rYPGzNHCSxe9_pt7GgSdAa9VUlpOPRMA7vIcLfFUT6KpiIEElrYEvQ.RFTh0NyA4PcZqXo4geDOCez7VAGD46lxpMVBhb5xYEo&dib_tag=se&qid=1776290580&refinements=p_n_g-1004227705091%3A16926165011&rnid=14630382011&s=apparel&sr=1-16,,The Drop,https://www.amazon.com/Drop-Womens-Alyona-Flare-Indigo/dp/B0CWTSLGV7/ref=sr_1_16?dib=eyJ2IjoiMSJ9.dul5ikqohW02OiCe087MbzfXYXm5zzO4j9u9Jg_18kXZsO2cBML3Y2p9NpAFceUyRbtKI15GnkFKTpZBvPqdM1trEAJxZ8OIE4vu8zvoTWnIQ2T0f7YFa2xVz4LIGmZGgA2m2pcNLgF9V1LKa95AdTWB2w4dQm74HzCvceI0HC-OYzTNc8fg-0Wr4EBaFywA-6m1zwmNVTIdzhuX85ig-syxvzHGVuu6rYPGzNHCSxe9_pt7GgSdAa9VUlpOPRMA7vIcLfFUT6KpiIEElrYEvQ.RFTh0NyA4PcZqXo4geDOCez7VAGD46lxpMVBhb5xYEo&dib_tag=se&qid=1776290580&refinements=p_n_g-1004227705091%3A16926165011&rnid=14630382011&s=apparel&sr=1-16#customerReviews,Women's Alyona Slim Flare Jean,3.8,3.8 out of 5 stars,https://www.amazon.com/Drop-Womens-Alyona-Flare-Indigo/dp/B0CWTSLGV7/ref=sr_1_16?dib=eyJ2IjoiMSJ9.dul5ikqohW02OiCe087MbzfXYXm5zzO4j9u9Jg_18kXZsO2cBML3Y2p9NpAFceUyRbtKI15GnkFKTpZBvPqdM1trEAJxZ8OIE4vu8zvoTWnIQ2T0f7YFa2xVz4LIGmZGgA2m2pcNLgF9V1LKa95AdTWB2w4dQm74HzCvceI0HC-OYzTNc8fg-0Wr4EBaFywA-6m1zwmNVTIdzhuX85ig-syxvzHGVuu6rYPGzNHCSxe9_pt7GgSdAa9VUlpOPRMA7vIcLfFUT6KpiIEElrYEvQ.RFTh0NyA4PcZqXo4geDOCez7VAGD46lxpMVBhb5xYEo&dib_tag=se&qid=1776290580&refinements=p_n_g-1004227705091%3A16926165011&rnid=14630382011&s=apparel&sr=1-16,-6,,,Previously viewed,,$59.90 ,59,90,,,,to get FREE delivery,"Tomorrow, Apr 16","(function(f){var _np=(window.P._namespace(""udm-kata-inline-prime-signup-ingress-script""));if(_np.guardFatal){_np.guardFatal(f)(_np);}else{f(_np);}}(function(P){P.when('ready').execute(""udm-npa-prime-signup-ingress"",()=>{P.load.js(""https://d1nruqhae353qc.cloudfront.net/primesignup/widget.js"");});}));","Mon, Apr 20",.prime-brand-color {color: #0064f9; },Join Prime,Or Non-members get FREE delivery,,,,,,,,,,,,,,,,,,
https://www.amazon.com/Drop-Womens-Distressed-Straight-Indigo/dp/B0B9B51PN6/ref=sr_1_21?dib=eyJ2IjoiMSJ9.dul5ikqohW02OiCe087MbzfXYXm5zzO4j9u9Jg_18kXZsO2cBML3Y2p9NpAFceUyRbtKI15GnkFKTpZBvPqdM1trEAJxZ8OIE4vu8zvoTWnIQ2T0f7YFa2xVz4LIGmZGgA2m2pcNLgF9V1LKa95AdTWB2w4dQm74HzCvceI0HC-OYzTNc8fg-0Wr4EBaFywA-6m1zwmNVTIdzhuX85ig-syxvzHGVuu6rYPGzNHCSxe9_pt7GgSdAa9VUlpOPRMA7vIcLfFUT6KpiIEElrYEvQ.RFTh0NyA4PcZqXo4geDOCez7VAGD46lxpMVBhb5xYEo&dib_tag=se&qid=1776290580&refinements=p_n_g-1004227705091%3A16926165011&rnid=14630382011&s=apparel&sr=1-21,https://m.media-amazon.com/images/I/81M88g3qxwL._AC_UL320_.jpg,,,,https://www.amazon.com/Drop-Womens-Distressed-Straight-Indigo/dp/B0B9B51PN6/ref=sr_1_21?dib=eyJ2IjoiMSJ9.dul5ikqohW02OiCe087MbzfXYXm5zzO4j9u9Jg_18kXZsO2cBML3Y2p9NpAFceUyRbtKI15GnkFKTpZBvPqdM1trEAJxZ8OIE4vu8zvoTWnIQ2T0f7YFa2xVz4LIGmZGgA2m2pcNLgF9V1LKa95AdTWB2w4dQm74HzCvceI0HC-OYzTNc8fg-0Wr4EBaFywA-6m1zwmNVTIdzhuX85ig-syxvzHGVuu6rYPGzNHCSxe9_pt7GgSdAa9VUlpOPRMA7vIcLfFUT6KpiIEElrYEvQ.RFTh0NyA4PcZqXo4geDOCez7VAGD46lxpMVBhb5xYEo&dib_tag=se&qid=1776290580&refinements=p_n_g-1004227705091%3A16926165011&rnid=14630382011&s=apparel&sr=1-21,,The Drop,https://www.amazon.com/Drop-Womens-Distressed-Straight-Indigo/dp/B0B9B51PN6/ref=sr_1_21?dib=eyJ2IjoiMSJ9.dul5ikqohW02OiCe087MbzfXYXm5zzO4j9u9Jg_18kXZsO2cBML3Y2p9NpAFceUyRbtKI15GnkFKTpZBvPqdM1trEAJxZ8OIE4vu8zvoTWnIQ2T0f7YFa2xVz4LIGmZGgA2m2pcNLgF9V1LKa95AdTWB2w4dQm74HzCvceI0HC-OYzTNc8fg-0Wr4EBaFywA-6m1zwmNVTIdzhuX85ig-syxvzHGVuu6rYPGzNHCSxe9_pt7GgSdAa9VUlpOPRMA7vIcLfFUT6KpiIEElrYEvQ.RFTh0NyA4PcZqXo4geDOCez7VAGD46lxpMVBhb5xYEo&dib_tag=se&qid=1776290580&refinements=p_n_g-1004227705091%3A16926165011&rnid=14630382011&s=apparel&sr=1-21#customerReviews,Women's Luca High-Rise Distressed Loose Straight-Fit,3.5,3.5 out of 5 stars,https://www.amazon.com/Drop-Womens-Distressed-Straight-Indigo/dp/B0B9B51PN6/ref=sr_1_21?dib=eyJ2IjoiMSJ9.dul5ikqohW02OiCe087MbzfXYXm5zzO4j9u9Jg_18kXZsO2cBML3Y2p9NpAFceUyRbtKI15GnkFKTpZBvPqdM1trEAJxZ8OIE4vu8zvoTWnIQ2T0f7YFa2xVz4LIGmZGgA2m2pcNLgF9V1LKa95AdTWB2w4dQm74HzCvceI0HC-OYzTNc8fg-0Wr4EBaFywA-6m1zwmNVTIdzhuX85ig-syxvzHGVuu6rYPGzNHCSxe9_pt7GgSdAa9VUlpOPRMA7vIcLfFUT6KpiIEElrYEvQ.RFTh0NyA4PcZqXo4geDOCez7VAGD46lxpMVBhb5xYEo&dib_tag=se&qid=1776290580&refinements=p_n_g-1004227705091%3A16926165011&rnid=14630382011&s=apparel&sr=1-21,-116,,,,,$54.90 ,54,90,,,,to get FREE delivery,"Sat, Apr 18","(function(f){var _np=(window.P._namespace(""udm-kata-inline-prime-signup-ingress-script""));if(_np.guardFatal){_np.guardFatal(f)(_np);}else{f(_np);}}(function(P){P.when('ready').execute(""udm-npa-prime-signup-ingress"",()=>{P.load.js(""https://d1nruqhae353qc.cloudfront.net/primesignup/widget.js"");});}));","Tue, Apr 21",.prime-brand-color {color: #0064f9; },Join Prime,Or Non-members get FREE delivery,,,,,,,,,,,,,,,,,,
https://www.amazon.com/Drop-Womens-Kasen-Denim-White/dp/B0BF4HSNNS/ref=sr_1_22?dib=eyJ2IjoiMSJ9.dul5ikqohW02OiCe087MbzfXYXm5zzO4j9u9Jg_18kXZsO2cBML3Y2p9NpAFceUyRbtKI15GnkFKTpZBvPqdM1trEAJxZ8OIE4vu8zvoTWnIQ2T0f7YFa2xVz4LIGmZGgA2m2pcNLgF9V1LKa95AdTWB2w4dQm74HzCvceI0HC-OYzTNc8fg-0Wr4EBaFywA-6m1zwmNVTIdzhuX85ig-syxvzHGVuu6rYPGzNHCSxe9_pt7GgSdAa9VUlpOPRMA7vIcLfFUT6KpiIEElrYEvQ.RFTh0NyA4PcZqXo4geDOCez7VAGD46lxpMVBhb5xYEo&dib_tag=se&qid=1776290580&refinements=p_n_g-1004227705091%3A16926165011&rnid=14630382011&s=apparel&sr=1-22,https://m.media-amazon.com/images/I/61hva6iUsrL._AC_UL320_.jpg,,,,https://www.amazon.com/Drop-Womens-Kasen-Denim-White/dp/B0BF4HSNNS/ref=sr_1_22?dib=eyJ2IjoiMSJ9.dul5ikqohW02OiCe087MbzfXYXm5zzO4j9u9Jg_18kXZsO2cBML3Y2p9NpAFceUyRbtKI15GnkFKTpZBvPqdM1trEAJxZ8OIE4vu8zvoTWnIQ2T0f7YFa2xVz4LIGmZGgA2m2pcNLgF9V1LKa95AdTWB2w4dQm74HzCvceI0HC-OYzTNc8fg-0Wr4EBaFywA-6m1zwmNVTIdzhuX85ig-syxvzHGVuu6rYPGzNHCSxe9_pt7GgSdAa9VUlpOPRMA7vIcLfFUT6KpiIEElrYEvQ.RFTh0NyA4PcZqXo4geDOCez7VAGD46lxpMVBhb5xYEo&dib_tag=se&qid=1776290580&refinements=p_n_g-1004227705091%3A16926165011&rnid=14630382011&s=apparel&sr=1-22,,The Drop,https://www.amazon.com/Drop-Womens-Kasen-Denim-White/dp/B0BF4HSNNS/ref=sr_1_22?dib=eyJ2IjoiMSJ9.dul5ikqohW02OiCe087MbzfXYXm5zzO4j9u9Jg_18kXZsO2cBML3Y2p9NpAFceUyRbtKI15GnkFKTpZBvPqdM1trEAJxZ8OIE4vu8zvoTWnIQ2T0f7YFa2xVz4LIGmZGgA2m2pcNLgF9V1LKa95AdTWB2w4dQm74HzCvceI0HC-OYzTNc8fg-0Wr4EBaFywA-6m1zwmNVTIdzhuX85ig-syxvzHGVuu6rYPGzNHCSxe9_pt7GgSdAa9VUlpOPRMA7vIcLfFUT6KpiIEElrYEvQ.RFTh0NyA4PcZqXo4geDOCez7VAGD46lxpMVBhb5xYEo&dib_tag=se&qid=1776290580&refinements=p_n_g-1004227705091%3A16926165011&rnid=14630382011&s=apparel&sr=1-22#customerReviews,Women's Kasen Wide Leg Slit Denim,3.7,3.7 out of 5 stars,https://www.amazon.com/Drop-Womens-Kasen-Denim-White/dp/B0BF4HSNNS/ref=sr_1_22?dib=eyJ2IjoiMSJ9.dul5ikqohW02OiCe087MbzfXYXm5zzO4j9u9Jg_18kXZsO2cBML3Y2p9NpAFceUyRbtKI15GnkFKTpZBvPqdM1trEAJxZ8OIE4vu8zvoTWnIQ2T0f7YFa2xVz4LIGmZGgA2m2pcNLgF9V1LKa95AdTWB2w4dQm74HzCvceI0HC-OYzTNc8fg-0Wr4EBaFywA-6m1zwmNVTIdzhuX85ig-syxvzHGVuu6rYPGzNHCSxe9_pt7GgSdAa9VUlpOPRMA7vIcLfFUT6KpiIEElrYEvQ.RFTh0NyA4PcZqXo4geDOCez7VAGD46lxpMVBhb5xYEo&dib_tag=se&qid=1776290580&refinements=p_n_g-1004227705091%3A16926165011&rnid=14630382011&s=apparel&sr=1-22,-112,,,Previously viewed,,$59.90 ,59,90,,,,to get FREE delivery,"Sat, Apr 18","(function(f){var _np=(window.P._namespace(""udm-kata-inline-prime-signup-ingress-script""));if(_np.guardFatal){_np.guardFatal(f)(_np);}else{f(_np);}}(function(P){P.when('ready').execute(""udm-npa-prime-signup-ingress"",()=>{P.load.js(""https://d1nruqhae353qc.cloudfront.net/primesignup/widget.js"");});}));","Wed, Apr 22",.prime-brand-color {color: #0064f9; },Join Prime,Or Non-members get FREE delivery,,,,,,,,,,,,,,,,,,
https://www.amazon.com/Drop-Womens-Skinny-Medium-Indigo/dp/B0CWV1BTGC/ref=sr_1_23?dib=eyJ2IjoiMSJ9.dul5ikqohW02OiCe087MbzfXYXm5zzO4j9u9Jg_18kXZsO2cBML3Y2p9NpAFceUyRbtKI15GnkFKTpZBvPqdM1trEAJxZ8OIE4vu8zvoTWnIQ2T0f7YFa2xVz4LIGmZGgA2m2pcNLgF9V1LKa95AdTWB2w4dQm74HzCvceI0HC-OYzTNc8fg-0Wr4EBaFywA-6m1zwmNVTIdzhuX85ig-syxvzHGVuu6rYPGzNHCSxe9_pt7GgSdAa9VUlpOPRMA7vIcLfFUT6KpiIEElrYEvQ.RFTh0NyA4PcZqXo4geDOCez7VAGD46lxpMVBhb5xYEo&dib_tag=se&qid=1776290580&refinements=p_n_g-1004227705091%3A16926165011&rnid=14630382011&s=apparel&sr=1-23,https://m.media-amazon.com/images/I/71Q8KBnt-qL._AC_UL320_.jpg,,,,https://www.amazon.com/Drop-Womens-Skinny-Medium-Indigo/dp/B0CWV1BTGC/ref=sr_1_23?dib=eyJ2IjoiMSJ9.dul5ikqohW02OiCe087MbzfXYXm5zzO4j9u9Jg_18kXZsO2cBML3Y2p9NpAFceUyRbtKI15GnkFKTpZBvPqdM1trEAJxZ8OIE4vu8zvoTWnIQ2T0f7YFa2xVz4LIGmZGgA2m2pcNLgF9V1LKa95AdTWB2w4dQm74HzCvceI0HC-OYzTNc8fg-0Wr4EBaFywA-6m1zwmNVTIdzhuX85ig-syxvzHGVuu6rYPGzNHCSxe9_pt7GgSdAa9VUlpOPRMA7vIcLfFUT6KpiIEElrYEvQ.RFTh0NyA4PcZqXo4geDOCez7VAGD46lxpMVBhb5xYEo&dib_tag=se&qid=1776290580&refinements=p_n_g-1004227705091%3A16926165011&rnid=14630382011&s=apparel&sr=1-23,,The Drop,https://www.amazon.com/Drop-Womens-Skinny-Medium-Indigo/dp/B0CWV1BTGC/ref=sr_1_23?dib=eyJ2IjoiMSJ9.dul5ikqohW02OiCe087MbzfXYXm5zzO4j9u9Jg_18kXZsO2cBML3Y2p9NpAFceUyRbtKI15GnkFKTpZBvPqdM1trEAJxZ8OIE4vu8zvoTWnIQ2T0f7YFa2xVz4LIGmZGgA2m2pcNLgF9V1LKa95AdTWB2w4dQm74HzCvceI0HC-OYzTNc8fg-0Wr4EBaFywA-6m1zwmNVTIdzhuX85ig-syxvzHGVuu6rYPGzNHCSxe9_pt7GgSdAa9VUlpOPRMA7vIcLfFUT6KpiIEElrYEvQ.RFTh0NyA4PcZqXo4geDOCez7VAGD46lxpMVBhb5xYEo&dib_tag=se&qid=1776290580&refinements=p_n_g-1004227705091%3A16926165011&rnid=14630382011&s=apparel&sr=1-23#customerReviews,Women’s Alla Skinny Jean,3.5,3.5 out of 5 stars,https://www.amazon.com/Drop-Womens-Skinny-Medium-Indigo/dp/B0CWV1BTGC/ref=sr_1_23?dib=eyJ2IjoiMSJ9.dul5ikqohW02OiCe087MbzfXYXm5zzO4j9u9Jg_18kXZsO2cBML3Y2p9NpAFceUyRbtKI15GnkFKTpZBvPqdM1trEAJxZ8OIE4vu8zvoTWnIQ2T0f7YFa2xVz4LIGmZGgA2m2pcNLgF9V1LKa95AdTWB2w4dQm74HzCvceI0HC-OYzTNc8fg-0Wr4EBaFywA-6m1zwmNVTIdzhuX85ig-syxvzHGVuu6rYPGzNHCSxe9_pt7GgSdAa9VUlpOPRMA7vIcLfFUT6KpiIEElrYEvQ.RFTh0NyA4PcZqXo4geDOCez7VAGD46lxpMVBhb5xYEo&dib_tag=se&qid=1776290580&refinements=p_n_g-1004227705091%3A16926165011&rnid=14630382011&s=apparel&sr=1-23,-35,,,Previously viewed,,$45.89 ,45,89,,,,to get FREE delivery,"Sat, Apr 18","(function(f){var _np=(window.P._namespace(""udm-kata-inline-prime-signup-ingress-script""));if(_np.guardFatal){_np.guardFatal(f)(_np);}else{f(_np);}}(function(P){P.when('ready').execute(""udm-npa-prime-signup-ingress"",()=>{P.load.js(""https://d1nruqhae353qc.cloudfront.net/primesignup/widget.js"");});}));","Tue, Apr 21",.prime-brand-color {color: #0064f9; },Join Prime,Or Non-members get FREE delivery,,,,,,,,,,,,,,,,,,
https://www.amazon.com/Drop-Womens-Wide-Leg-Relaxed-Indigo/dp/B0CJYLXCSF/ref=sr_1_24?dib=eyJ2IjoiMSJ9.dul5ikqohW02OiCe087MbzfXYXm5zzO4j9u9Jg_18kXZsO2cBML3Y2p9NpAFceUyRbtKI15GnkFKTpZBvPqdM1trEAJxZ8OIE4vu8zvoTWnIQ2T0f7YFa2xVz4LIGmZGgA2m2pcNLgF9V1LKa95AdTWB2w4dQm74HzCvceI0HC-OYzTNc8fg-0Wr4EBaFywA-6m1zwmNVTIdzhuX85ig-syxvzHGVuu6rYPGzNHCSxe9_pt7GgSdAa9VUlpOPRMA7vIcLfFUT6KpiIEElrYEvQ.RFTh0NyA4PcZqXo4geDOCez7VAGD46lxpMVBhb5xYEo&dib_tag=se&qid=1776290580&refinements=p_n_g-1004227705091%3A16926165011&rnid=14630382011&s=apparel&sr=1-24,https://m.media-amazon.com/images/I/81KrEmzIz1L._AC_UL320_.jpg,,,,https://www.amazon.com/Drop-Womens-Wide-Leg-Relaxed-Indigo/dp/B0CJYLXCSF/ref=sr_1_24?dib=eyJ2IjoiMSJ9.dul5ikqohW02OiCe087MbzfXYXm5zzO4j9u9Jg_18kXZsO2cBML3Y2p9NpAFceUyRbtKI15GnkFKTpZBvPqdM1trEAJxZ8OIE4vu8zvoTWnIQ2T0f7YFa2xVz4LIGmZGgA2m2pcNLgF9V1LKa95AdTWB2w4dQm74HzCvceI0HC-OYzTNc8fg-0Wr4EBaFywA-6m1zwmNVTIdzhuX85ig-syxvzHGVuu6rYPGzNHCSxe9_pt7GgSdAa9VUlpOPRMA7vIcLfFUT6KpiIEElrYEvQ.RFTh0NyA4PcZqXo4geDOCez7VAGD46lxpMVBhb5xYEo&dib_tag=se&qid=1776290580&refinements=p_n_g-1004227705091%3A16926165011&rnid=14630382011&s=apparel&sr=1-24,,The Drop,https://www.amazon.com/Drop-Womens-Wide-Leg-Relaxed-Indigo/dp/B0CJYLXCSF/ref=sr_1_24?dib=eyJ2IjoiMSJ9.dul5ikqohW02OiCe087MbzfXYXm5zzO4j9u9Jg_18kXZsO2cBML3Y2p9NpAFceUyRbtKI15GnkFKTpZBvPqdM1trEAJxZ8OIE4vu8zvoTWnIQ2T0f7YFa2xVz4LIGmZGgA2m2pcNLgF9V1LKa95AdTWB2w4dQm74HzCvceI0HC-OYzTNc8fg-0Wr4EBaFywA-6m1zwmNVTIdzhuX85ig-syxvzHGVuu6rYPGzNHCSxe9_pt7GgSdAa9VUlpOPRMA7vIcLfFUT6KpiIEElrYEvQ.RFTh0NyA4PcZqXo4geDOCez7VAGD46lxpMVBhb5xYEo&dib_tag=se&qid=1776290580&refinements=p_n_g-1004227705091%3A16926165011&rnid=14630382011&s=apparel&sr=1-24#customerReviews,Women's Alba Wide-Leg Relaxed Denim,3.7,3.7 out of 5 stars,https://www.amazon.com/Drop-Womens-Wide-Leg-Relaxed-Indigo/dp/B0CJYLXCSF/ref=sr_1_24?dib=eyJ2IjoiMSJ9.dul5ikqohW02OiCe087MbzfXYXm5zzO4j9u9Jg_18kXZsO2cBML3Y2p9NpAFceUyRbtKI15GnkFKTpZBvPqdM1trEAJxZ8OIE4vu8zvoTWnIQ2T0f7YFa2xVz4LIGmZGgA2m2pcNLgF9V1LKa95AdTWB2w4dQm74HzCvceI0HC-OYzTNc8fg-0Wr4EBaFywA-6m1zwmNVTIdzhuX85ig-syxvzHGVuu6rYPGzNHCSxe9_pt7GgSdAa9VUlpOPRMA7vIcLfFUT6KpiIEElrYEvQ.RFTh0NyA4PcZqXo4geDOCez7VAGD46lxpMVBhb5xYEo&dib_tag=se&qid=1776290580&refinements=p_n_g-1004227705091%3A16926165011&rnid=14630382011&s=apparel&sr=1-24,-71,,,Previously viewed,,$64.90 ,64,90,,,,FREE delivery,"Wed, Apr 22",,,,,,,,,,,,,,,,,,,,,,,
https://www.amazon.com/Drop-Womens-Fairfax-High-Rise-Skinny/dp/B086RM6X81/ref=sr_1_25?dib=eyJ2IjoiMSJ9.dul5ikqohW02OiCe087MbzfXYXm5zzO4j9u9Jg_18kXZsO2cBML3Y2p9NpAFceUyRbtKI15GnkFKTpZBvPqdM1trEAJxZ8OIE4vu8zvoTWnIQ2T0f7YFa2xVz4LIGmZGgA2m2pcNLgF9V1LKa95AdTWB2w4dQm74HzCvceI0HC-OYzTNc8fg-0Wr4EBaFywA-6m1zwmNVTIdzhuX85ig-syxvzHGVuu6rYPGzNHCSxe9_pt7GgSdAa9VUlpOPRMA7vIcLfFUT6KpiIEElrYEvQ.RFTh0NyA4PcZqXo4geDOCez7VAGD46lxpMVBhb5xYEo&dib_tag=se&qid=1776290580&refinements=p_n_g-1004227705091%3A16926165011&rnid=14630382011&s=apparel&sr=1-25,https://m.media-amazon.com/images/I/81xi7tgnqjS._AC_UL320_.jpg,,,,https://www.amazon.com/Drop-Womens-Fairfax-High-Rise-Skinny/dp/B086RM6X81/ref=sr_1_25?dib=eyJ2IjoiMSJ9.dul5ikqohW02OiCe087MbzfXYXm5zzO4j9u9Jg_18kXZsO2cBML3Y2p9NpAFceUyRbtKI15GnkFKTpZBvPqdM1trEAJxZ8OIE4vu8zvoTWnIQ2T0f7YFa2xVz4LIGmZGgA2m2pcNLgF9V1LKa95AdTWB2w4dQm74HzCvceI0HC-OYzTNc8fg-0Wr4EBaFywA-6m1zwmNVTIdzhuX85ig-syxvzHGVuu6rYPGzNHCSxe9_pt7GgSdAa9VUlpOPRMA7vIcLfFUT6KpiIEElrYEvQ.RFTh0NyA4PcZqXo4geDOCez7VAGD46lxpMVBhb5xYEo&dib_tag=se&qid=1776290580&refinements=p_n_g-1004227705091%3A16926165011&rnid=14630382011&s=apparel&sr=1-25,,The Drop,https://www.amazon.com/Drop-Womens-Fairfax-High-Rise-Skinny/dp/B086RM6X81/ref=sr_1_25?dib=eyJ2IjoiMSJ9.dul5ikqohW02OiCe087MbzfXYXm5zzO4j9u9Jg_18kXZsO2cBML3Y2p9NpAFceUyRbtKI15GnkFKTpZBvPqdM1trEAJxZ8OIE4vu8zvoTWnIQ2T0f7YFa2xVz4LIGmZGgA2m2pcNLgF9V1LKa95AdTWB2w4dQm74HzCvceI0HC-OYzTNc8fg-0Wr4EBaFywA-6m1zwmNVTIdzhuX85ig-syxvzHGVuu6rYPGzNHCSxe9_pt7GgSdAa9VUlpOPRMA7vIcLfFUT6KpiIEElrYEvQ.RFTh0NyA4PcZqXo4geDOCez7VAGD46lxpMVBhb5xYEo&dib_tag=se&qid=1776290580&refinements=p_n_g-1004227705091%3A16926165011&rnid=14630382011&s=apparel&sr=1-25#customerReviews,Women's Fairfax High-Rise Ankle Skinny Jean,3.7,3.7 out of 5 stars,https://www.amazon.com/Drop-Womens-Fairfax-High-Rise-Skinny/dp/B086RM6X81/ref=sr_1_25?dib=eyJ2IjoiMSJ9.dul5ikqohW02OiCe087MbzfXYXm5zzO4j9u9Jg_18kXZsO2cBML3Y2p9NpAFceUyRbtKI15GnkFKTpZBvPqdM1trEAJxZ8OIE4vu8zvoTWnIQ2T0f7YFa2xVz4LIGmZGgA2m2pcNLgF9V1LKa95AdTWB2w4dQm74HzCvceI0HC-OYzTNc8fg-0Wr4EBaFywA-6m1zwmNVTIdzhuX85ig-syxvzHGVuu6rYPGzNHCSxe9_pt7GgSdAa9VUlpOPRMA7vIcLfFUT6KpiIEElrYEvQ.RFTh0NyA4PcZqXo4geDOCez7VAGD46lxpMVBhb5xYEo&dib_tag=se&qid=1776290580&refinements=p_n_g-1004227705091%3A16926165011&rnid=14630382011&s=apparel&sr=1-25,-304,,,,,$37.01 ,37,01,,,,to get FREE delivery,"Fri, Apr 17","(function(f){var _np=(window.P._namespace(""udm-kata-inline-prime-signup-ingress-script""));if(_np.guardFatal){_np.guardFatal(f)(_np);}else{f(_np);}}(function(P){P.when('ready').execute(""udm-npa-prime-signup-ingress"",()=>{P.load.js(""https://d1nruqhae353qc.cloudfront.net/primesignup/widget.js"");});}));","Tue, Apr 21",.prime-brand-color {color: #0064f9; },Join Prime,Or Non-members get FREE delivery,,,,,,,,,,,,,,,,,,
https://www.amazon.com/Drop-Womens-Venice-Rise-Skinny/dp/B07KYRSMQ7/ref=sr_1_26?dib=eyJ2IjoiMSJ9.dul5ikqohW02OiCe087MbzfXYXm5zzO4j9u9Jg_18kXZsO2cBML3Y2p9NpAFceUyRbtKI15GnkFKTpZBvPqdM1trEAJxZ8OIE4vu8zvoTWnIQ2T0f7YFa2xVz4LIGmZGgA2m2pcNLgF9V1LKa95AdTWB2w4dQm74HzCvceI0HC-OYzTNc8fg-0Wr4EBaFywA-6m1zwmNVTIdzhuX85ig-syxvzHGVuu6rYPGzNHCSxe9_pt7GgSdAa9VUlpOPRMA7vIcLfFUT6KpiIEElrYEvQ.RFTh0NyA4PcZqXo4geDOCez7VAGD46lxpMVBhb5xYEo&dib_tag=se&qid=1776290580&refinements=p_n_g-1004227705091%3A16926165011&rnid=14630382011&s=apparel&sr=1-26,https://m.media-amazon.com/images/I/81xBOLS6T0L._AC_UL320_.jpg,,,,https://www.amazon.com/Drop-Womens-Venice-Rise-Skinny/dp/B07KYRSMQ7/ref=sr_1_26?dib=eyJ2IjoiMSJ9.dul5ikqohW02OiCe087MbzfXYXm5zzO4j9u9Jg_18kXZsO2cBML3Y2p9NpAFceUyRbtKI15GnkFKTpZBvPqdM1trEAJxZ8OIE4vu8zvoTWnIQ2T0f7YFa2xVz4LIGmZGgA2m2pcNLgF9V1LKa95AdTWB2w4dQm74HzCvceI0HC-OYzTNc8fg-0Wr4EBaFywA-6m1zwmNVTIdzhuX85ig-syxvzHGVuu6rYPGzNHCSxe9_pt7GgSdAa9VUlpOPRMA7vIcLfFUT6KpiIEElrYEvQ.RFTh0NyA4PcZqXo4geDOCez7VAGD46lxpMVBhb5xYEo&dib_tag=se&qid=1776290580&refinements=p_n_g-1004227705091%3A16926165011&rnid=14630382011&s=apparel&sr=1-26,,The Drop,https://www.amazon.com/Drop-Womens-Venice-Rise-Skinny/dp/B07KYRSMQ7/ref=sr_1_26?dib=eyJ2IjoiMSJ9.dul5ikqohW02OiCe087MbzfXYXm5zzO4j9u9Jg_18kXZsO2cBML3Y2p9NpAFceUyRbtKI15GnkFKTpZBvPqdM1trEAJxZ8OIE4vu8zvoTWnIQ2T0f7YFa2xVz4LIGmZGgA2m2pcNLgF9V1LKa95AdTWB2w4dQm74HzCvceI0HC-OYzTNc8fg-0Wr4EBaFywA-6m1zwmNVTIdzhuX85ig-syxvzHGVuu6rYPGzNHCSxe9_pt7GgSdAa9VUlpOPRMA7vIcLfFUT6KpiIEElrYEvQ.RFTh0NyA4PcZqXo4geDOCez7VAGD46lxpMVBhb5xYEo&dib_tag=se&qid=1776290580&refinements=p_n_g-1004227705091%3A16926165011&rnid=14630382011&s=apparel&sr=1-26#customerReviews,Women's Venice,3.8,3.8 out of 5 stars,https://www.amazon.com/Drop-Womens-Venice-Rise-Skinny/dp/B07KYRSMQ7/ref=sr_1_26?dib=eyJ2IjoiMSJ9.dul5ikqohW02OiCe087MbzfXYXm5zzO4j9u9Jg_18kXZsO2cBML3Y2p9NpAFceUyRbtKI15GnkFKTpZBvPqdM1trEAJxZ8OIE4vu8zvoTWnIQ2T0f7YFa2xVz4LIGmZGgA2m2pcNLgF9V1LKa95AdTWB2w4dQm74HzCvceI0HC-OYzTNc8fg-0Wr4EBaFywA-6m1zwmNVTIdzhuX85ig-syxvzHGVuu6rYPGzNHCSxe9_pt7GgSdAa9VUlpOPRMA7vIcLfFUT6KpiIEElrYEvQ.RFTh0NyA4PcZqXo4geDOCez7VAGD46lxpMVBhb5xYEo&dib_tag=se&qid=1776290580&refinements=p_n_g-1004227705091%3A16926165011&rnid=14630382011&s=apparel&sr=1-26,-171,,,Previously viewed,,$40.92 ,40,92,,,,to get FREE delivery,"Fri, Apr 17","(function(f){var _np=(window.P._namespace(""udm-kata-inline-prime-signup-ingress-script""));if(_np.guardFatal){_np.guardFatal(f)(_np);}else{f(_np);}}(function(P){P.when('ready').execute(""udm-npa-prime-signup-ingress"",()=>{P.load.js(""https://d1nruqhae353qc.cloudfront.net/primesignup/widget.js"");});}));","Mon, Apr 20",.prime-brand-color {color: #0064f9; },Join Prime,Or Non-members get FREE delivery,,,,,,,,,,,,,,,,,,