"plp_product-image href","plp_product-card__image src","plp_zoom-image src","plp_zoom-image src 2","plp_product-image__video src","plp_zoom-image src 3","plp_zoom-image src 4","plp_zoom-image src 5","plp_zoom-image src 6","plp_zoom-image src 7","badgeOverlayWrapper src","fds__card-copy","fds__core-web-price-small","fds__merchandising-marketing-flag","plp_zoom-image src 8","fds__core-web-original-price","fds__core-web-price-percent-off","fds__card-overflow-link","fds__card-overflow-link href","badgeOverlayWrapper"
"https://oldnavy.gap.com/browse/product.do?pid=901158002&vid=1&pcid=85729&cid=85729&nav=meganav%3AWomen%3AShop+Women%27s+Categories%3AJeans","https://www1.assets-gap.com/webcontent/0062/125/044/cn62125044.jpg?q=h&w=768","https://www1.assets-gap.com/webcontent/0062/125/107/cn62125107.jpg?q=h&w=768","https://www1.assets-gap.com/webcontent/0062/125/098/cn62125098.jpg?q=h&w=768","https://www1.assets-gap.com/webcontent/0062/331/885/cn62331885.mp4","https://www1.assets-gap.com/webcontent/0062/125/131/cn62125131.jpg?q=h&w=768","https://www1.assets-gap.com/webcontent/0062/069/093/cn62069093.jpg?q=h&w=768","https://www1.assets-gap.com/webcontent/0062/066/735/cn62066735.jpg?q=h&w=768","https://www1.assets-gap.com/webcontent/0062/069/074/cn62069074.jpg?q=h&w=768","https://www1.assets-gap.com/webcontent/0062/348/088/cn62348088.jpg?q=h&w=768","https://digitalassets.gapinc.com/AssetLink/8p7bt4dyb52mqb0442ua2741b2d238w8.svg?TP=NAV/","Old Navy x Christopher John Rogers High-Waisted Barrel Jeans","$69.99","Hi, I'm New","","","","","",""
"https://oldnavy.gap.com/browse/product.do?pid=732591002&vid=1&pcid=85729&cid=85729&nav=meganav%3AWomen%3AShop+Women%27s+Categories%3AJeans","https://www1.assets-gap.com/webcontent/0055/940/355/cn55940355.jpg?q=h&w=768","https://www1.assets-gap.com/webcontent/0055/939/957/cn55939957.jpg?q=h&w=768","https://www1.assets-gap.com/webcontent/0055/939/966/cn55939966.jpg?q=h&w=768","","https://www1.assets-gap.com/webcontent/0053/528/435/cn53528435.jpg?q=h&w=768","https://www1.assets-gap.com/webcontent/0055/939/969/cn55939969.jpg?q=h&w=768","https://www1.assets-gap.com/webcontent/0055/939/981/cn55939981.jpg?q=h&w=768","https://www1.assets-gap.com/webcontent/0055/939/983/cn55939983.jpg?q=h&w=768","https://www1.assets-gap.com/webcontent/0055/939/999/cn55939999.jpg?q=h&w=768","https://digitalassets.gapinc.com/AssetLink/4eja5y48532xxtcc2njvhsw504ca5b27.svg?TP=NAV/","Mid-Rise Wow Boyfriend Straight Jeans","$28.00","Card Exclusive! $22.40 with Code VIP","https://www1.assets-gap.com/webcontent/0060/203/775/cn60203775.jpg?q=h&w=768","$36.99","24% Off","","",""
"https://oldnavy.gap.com/browse/product.do?pid=734874002&vid=1&pcid=85729&cid=85729&nav=meganav%3AWomen%3AShop+Women%27s+Categories%3AJeans","https://www1.assets-gap.com/webcontent/0055/891/769/cn55891769.jpg?q=h&w=768","https://www1.assets-gap.com/webcontent/0055/879/324/cn55879324.jpg?q=h&w=768","https://www1.assets-gap.com/webcontent/0055/879/332/cn55879332.jpg?q=h&w=768","","https://www1.assets-gap.com/webcontent/0056/164/476/cn56164476.jpg?q=h&w=768","https://www1.assets-gap.com/webcontent/0055/997/279/cn55997279.jpg?q=h&w=768","https://www1.assets-gap.com/webcontent/0061/564/187/cn61564187.jpg?q=h&w=768","https://www1.assets-gap.com/webcontent/0055/879/385/cn55879385.jpg?q=h&w=768","https://www1.assets-gap.com/webcontent/0055/879/366/cn55879366.jpg?q=h&w=768","https://digitalassets.gapinc.com/AssetLink/4eja5y48532xxtcc2njvhsw504ca5b27.svg?TP=NAV/","High-Waisted Wow Straight Ankle Jeans","$24.00","Card Exclusive! $19.20 with Code VIP","https://www1.assets-gap.com/webcontent/0062/322/585/cn62322585.jpg?q=h&w=768","$34.99","31% Off","","",""
"https://oldnavy.gap.com/browse/product.do?pid=901143002&vid=1&pcid=85729&cid=85729&nav=meganav%3AWomen%3AShop+Women%27s+Categories%3AJeans","https://www1.assets-gap.com/webcontent/0062/109/298/cn62109298.jpg?q=h&w=768","https://www1.assets-gap.com/webcontent/0062/109/592/cn62109592.jpg?q=h&w=768","https://www1.assets-gap.com/webcontent/0062/109/593/cn62109593.jpg?q=h&w=768","","https://www1.assets-gap.com/webcontent/0062/109/624/cn62109624.jpg?q=h&w=768","https://www1.assets-gap.com/webcontent/0062/069/099/cn62069099.jpg?q=h&w=768","https://www1.assets-gap.com/webcontent/0062/069/105/cn62069105.jpg?q=h&w=768","https://www1.assets-gap.com/webcontent/0062/069/073/cn62069073.jpg?q=h&w=768","https://www1.assets-gap.com/webcontent/0062/348/164/cn62348164.jpg?q=h&w=768","https://digitalassets.gapinc.com/AssetLink/8p7bt4dyb52mqb0442ua2741b2d238w8.svg?TP=NAV/","Old Navy x Christopher John Rogers Mid-Rise Baggy Wide-Leg Jeans","$64.99","Hi, I'm New","","","","","",""
"https://oldnavy.gap.com/browse/product.do?pid=894168002&vid=1&pcid=85729&cid=85729&nav=meganav%3AWomen%3AShop+Women%27s+Categories%3AJeans","https://www1.assets-gap.com/webcontent/0061/906/400/cn61906400.jpg?q=h&w=768","https://www1.assets-gap.com/webcontent/0061/906/398/cn61906398.jpg?q=h&w=768","https://www1.assets-gap.com/webcontent/0061/906/381/cn61906381.jpg?q=h&w=768","https://www1.assets-gap.com/webcontent/0062/309/043/cn62309043.mp4","https://www1.assets-gap.com/webcontent/0061/906/393/cn61906393.jpg?q=h&w=768","https://www1.assets-gap.com/webcontent/0062/177/585/cn62177585.jpg?q=h&w=768","https://www1.assets-gap.com/webcontent/0062/177/583/cn62177583.jpg?q=h&w=768","","","","High-Waisted Drapey Wide-Leg Jeans","$54.99","Hi, I'm New","","","","+8","https://oldnavy.gap.com/browse/product.do?pid=894168002&vid=1&pcid=85729&cid=85729&nav=meganav%3AWomen%3AShop+Women%27s+Categories%3AJeans",""
"https://oldnavy.gap.com/browse/product.do?pid=732609002&vid=1&pcid=85729&cid=85729&nav=meganav%3AWomen%3AShop+Women%27s+Categories%3AJeans","https://www1.assets-gap.com/webcontent/0056/321/687/cn56321687.jpg?q=h&w=768","https://www1.assets-gap.com/webcontent/0056/321/769/cn56321769.jpg?q=h&w=768","https://www1.assets-gap.com/webcontent/0056/321/780/cn56321780.jpg?q=h&w=768","https://www1.assets-gap.com/webcontent/0056/576/124/cn56576124.mp4","https://www1.assets-gap.com/webcontent/0055/854/251/cn55854251.jpg?q=h&w=768","https://www1.assets-gap.com/webcontent/0055/854/275/cn55854275.jpg?q=h&w=768","https://www1.assets-gap.com/webcontent/0055/851/663/cn55851663.jpg?q=h&w=768","https://www1.assets-gap.com/webcontent/0055/851/687/cn55851687.jpg?q=h&w=768","https://www1.assets-gap.com/webcontent/0062/324/680/cn62324680.jpg?q=h&w=768","https://digitalassets.gapinc.com/AssetLink/4eja5y48532xxtcc2njvhsw504ca5b27.svg?TP=NAV/","High-Waisted Wow Wide-Leg Jeans","$28.00","Card Exclusive! $22.40 with Code VIP","","$34.99","20% Off","","",""
"https://oldnavy.gap.com/browse/product.do?pid=788103002&vid=1&pcid=85729&cid=85729&nav=meganav%3AWomen%3AShop+Women%27s+Categories%3AJeans","https://www1.assets-gap.com/webcontent/0060/143/066/cn60143066.jpg?q=h&w=768","https://www1.assets-gap.com/webcontent/0060/143/021/cn60143021.jpg?q=h&w=768","https://www1.assets-gap.com/webcontent/0060/143/022/cn60143022.jpg?q=h&w=768","","https://www1.assets-gap.com/webcontent/0060/143/025/cn60143025.jpg?q=h&w=768","https://www1.assets-gap.com/webcontent/0062/103/992/cn62103992.jpg?q=h&w=768","https://www1.assets-gap.com/webcontent/0060/143/033/cn60143033.jpg?q=h&w=768","https://www1.assets-gap.com/webcontent/0060/143/026/cn60143026.jpg?q=h&w=768","https://www1.assets-gap.com/webcontent/0059/944/711/cn59944711.jpg?q=h&w=768","https://digitalassets.gapinc.com/AssetLink/4eja5y48532xxtcc2njvhsw504ca5b27.svg?TP=NAV/","Mid-Rise Wow Baggy Wide-Leg Jeans","$28.00","Card Exclusive! $22.40 with Code VIP","https://www1.assets-gap.com/webcontent/0061/585/848/cn61585848.jpg?q=h&w=768","$39.99","30% Off","","",""
"https://oldnavy.gap.com/browse/product.do?pid=547044002&vid=1&pcid=85729&cid=85729&nav=meganav%3AWomen%3AShop+Women%27s+Categories%3AJeans","https://www1.assets-gap.com/webcontent/0056/155/818/cn56155818.jpg?q=h&w=768","https://www1.assets-gap.com/webcontent/0056/536/129/cn56536129.jpg?q=h&w=768","https://www1.assets-gap.com/webcontent/0056/155/832/cn56155832.jpg?q=h&w=768","https://www1.assets-gap.com/webcontent/0056/293/736/cn56293736.mp4","https://www1.assets-gap.com/webcontent/0055/933/391/cn55933391.jpg?q=h&w=768","https://www1.assets-gap.com/webcontent/0055/933/382/cn55933382.jpg?q=h&w=768","https://www1.assets-gap.com/webcontent/0055/790/097/cn55790097.jpg?q=h&w=768","https://www1.assets-gap.com/webcontent/0055/789/897/cn55789897.jpg?q=h&w=768","https://www1.assets-gap.com/webcontent/0060/172/054/cn60172054.jpg?q=h&w=768","","High-Waisted OG Straight Ankle Jeans","$26.99","Card Exclusive! $21.59 with Code VIP","","$44.99","40% Off","+1","https://oldnavy.gap.com/browse/product.do?pid=547044002&vid=1&pcid=85729&cid=85729&nav=meganav%3AWomen%3AShop+Women%27s+Categories%3AJeans",""
"https://oldnavy.gap.com/browse/product.do?pid=846874002&vid=1&pcid=85729&cid=85729&nav=meganav%3AWomen%3AShop+Women%27s+Categories%3AJeans","https://www1.assets-gap.com/webcontent/0056/933/197/cn56933197.jpg?q=h&w=768","https://www1.assets-gap.com/webcontent/0056/933/125/cn56933125.jpg?q=h&w=768","https://www1.assets-gap.com/webcontent/0056/943/041/cn56943041.jpg?q=h&w=768","https://www1.assets-gap.com/webcontent/0057/101/248/cn57101248.mp4","https://www1.assets-gap.com/webcontent/0054/868/807/cn54868807.jpg?q=h&w=768","https://www1.assets-gap.com/webcontent/0054/958/654/cn54958654.jpg?q=h&w=768","https://www1.assets-gap.com/webcontent/0054/803/033/cn54803033.jpg?q=h&w=768","https://www1.assets-gap.com/webcontent/0054/728/226/cn54728226.jpg?q=h&w=768","https://www1.assets-gap.com/webcontent/0060/215/449/cn60215449.jpg?q=h&w=768","","High-Waisted OG Loose Jeans","$26.99","Card Exclusive! $21.59 with Code VIP","","$44.99","40% Off","+9","https://oldnavy.gap.com/browse/product.do?pid=846874002&vid=1&pcid=85729&cid=85729&nav=meganav%3AWomen%3AShop+Women%27s+Categories%3AJeans",""
"https://oldnavy.gap.com/browse/product.do?pid=493334002&vid=1&pcid=85729&cid=85729&nav=meganav%3AWomen%3AShop+Women%27s+Categories%3AJeans","https://www1.assets-gap.com/webcontent/0060/514/674/cn60514674.jpg?q=h&w=768","https://www1.assets-gap.com/webcontent/0060/514/642/cn60514642.jpg?q=h&w=768","https://www1.assets-gap.com/webcontent/0060/514/645/cn60514645.jpg?q=h&w=768","","https://www1.assets-gap.com/webcontent/0060/514/672/cn60514672.jpg?q=h&w=768","https://www1.assets-gap.com/webcontent/0055/974/339/cn55974339.jpg?q=h&w=768","https://www1.assets-gap.com/webcontent/0055/947/861/cn55947861.jpg?q=h&w=768","https://www1.assets-gap.com/webcontent/0055/947/870/cn55947870.jpg?q=h&w=768","https://www1.assets-gap.com/webcontent/0062/324/700/cn62324700.jpg?q=h&w=768","https://digitalassets.gapinc.com/AssetLink/4eja5y48532xxtcc2njvhsw504ca5b27.svg?TP=NAV/","High-Waisted Wow Loose Jeans","$28.00","Card Exclusive! $22.40 with Code VIP","","$34.99","20% Off","","",""
"https://oldnavy.gap.com/browse/product.do?pid=895053002&vid=1&pcid=85729&cid=85729&nav=meganav%3AWomen%3AShop+Women%27s+Categories%3AJeans","https://www1.assets-gap.com/webcontent/0061/720/071/cn61720071.jpg?q=h&w=768","https://www1.assets-gap.com/webcontent/0061/720/035/cn61720035.jpg?q=h&w=768","https://www1.assets-gap.com/webcontent/0061/720/078/cn61720078.jpg?q=h&w=768","","https://www1.assets-gap.com/webcontent/0061/720/037/cn61720037.jpg?q=h&w=768","https://www1.assets-gap.com/webcontent/0061/980/802/cn61980802.jpg?q=h&w=768","https://www1.assets-gap.com/webcontent/0061/826/798/cn61826798.jpg?q=h&w=768","https://www1.assets-gap.com/webcontent/0061/826/778/cn61826778.jpg?q=h&w=768","https://www1.assets-gap.com/webcontent/0061/746/637/cn61746637.jpg?q=h&w=768","","Low-Rise Baggy Wide-Leg Jeans","$34.99","Card Exclusive! $27.99 with Code VIP","","$49.99","30% Off","","",""
"https://oldnavy.gap.com/browse/product.do?pid=805754002&vid=1&pcid=85729&cid=85729&nav=meganav%3AWomen%3AShop+Women%27s+Categories%3AJeans","https://www1.assets-gap.com/webcontent/0061/585/373/cn61585373.jpg?q=h&w=768","https://www1.assets-gap.com/webcontent/0061/567/042/cn61567042.jpg?q=h&w=768","https://www1.assets-gap.com/webcontent/0061/567/055/cn61567055.jpg?q=h&w=768","","https://www1.assets-gap.com/webcontent/0061/567/070/cn61567070.jpg?q=h&w=768","https://www1.assets-gap.com/webcontent/0061/542/830/cn61542830.jpg?q=h&w=768","https://www1.assets-gap.com/webcontent/0060/332/826/cn60332826.jpg?q=h&w=768","https://www1.assets-gap.com/webcontent/0060/332/821/cn60332821.jpg?q=h&w=768","https://www1.assets-gap.com/webcontent/0060/291/399/cn60291399.jpg?q=h&w=768","","Mid-Rise Slouchy Straight Jeans","$26.99","Card Exclusive! $21.59 with Code VIP","https://www1.assets-gap.com/webcontent/0061/585/002/cn61585002.jpg?q=h&w=768","$44.99","40% Off","","","Best Seller"
"https://oldnavy.gap.com/browse/product.do?pid=734873002&vid=1&pcid=85729&cid=85729&nav=meganav%3AWomen%3AShop+Women%27s+Categories%3AJeans","https://www1.assets-gap.com/webcontent/0055/784/365/cn55784365.jpg?q=h&w=768","https://www1.assets-gap.com/webcontent/0055/784/065/cn55784065.jpg?q=h&w=768","https://www1.assets-gap.com/webcontent/0055/784/167/cn55784167.jpg?q=h&w=768","","https://www1.assets-gap.com/webcontent/0055/997/247/cn55997247.jpg?q=h&w=768","https://www1.assets-gap.com/webcontent/0061/564/190/cn61564190.jpg?q=h&w=768","https://www1.assets-gap.com/webcontent/0055/997/136/cn55997136.jpg?q=h&w=768","https://www1.assets-gap.com/webcontent/0055/997/117/cn55997117.jpg?q=h&w=768","https://www1.assets-gap.com/webcontent/0062/322/527/cn62322527.jpg?q=h&w=768","https://digitalassets.gapinc.com/AssetLink/4eja5y48532xxtcc2njvhsw504ca5b27.svg?TP=NAV/","Mid-Rise Wow Boot-Cut Jeans","$24.00","Card Exclusive! $19.20 with Code VIP","","$34.99","31% Off","","",""
"https://oldnavy.gap.com/browse/product.do?pid=896223002&vid=1&pcid=85729&cid=85729&nav=meganav%3AWomen%3AShop+Women%27s+Categories%3AJeans","https://www1.assets-gap.com/webcontent/0062/333/020/cn62333020.jpg?q=h&w=768","https://www1.assets-gap.com/webcontent/0062/337/455/cn62337455.jpg?q=h&w=768","https://www1.assets-gap.com/webcontent/0062/323/272/cn62323272.jpg?q=h&w=768","","https://www1.assets-gap.com/webcontent/0062/323/257/cn62323257.jpg?q=h&w=768","https://www1.assets-gap.com/webcontent/0062/323/269/cn62323269.jpg?q=h&w=768","https://www1.assets-gap.com/webcontent/0062/337/478/cn62337478.jpg?q=h&w=768","https://www1.assets-gap.com/webcontent/0062/325/294/cn62325294.jpg?q=h&w=768","https://www1.assets-gap.com/webcontent/0062/333/022/cn62333022.jpg?q=h&w=768","","High-Waisted Vintage Slim Jeans","$20.00","Card Exclusive! $16.00 with Code VIP","","$44.99","56% Off","+3","https://oldnavy.gap.com/browse/product.do?pid=896223002&vid=1&pcid=85729&cid=85729&nav=meganav%3AWomen%3AShop+Women%27s+Categories%3AJeans",""
"https://oldnavy.gap.com/browse/product.do?pid=487332002&vid=1&pcid=85729&cid=85729&nav=meganav%3AWomen%3AShop+Women%27s+Categories%3AJeans","https://www1.assets-gap.com/webcontent/0055/901/146/cn55901146.jpg?q=h&w=768","https://www1.assets-gap.com/webcontent/0055/901/152/cn55901152.jpg?q=h&w=768","https://www1.assets-gap.com/webcontent/0055/901/163/cn55901163.jpg?q=h&w=768","https://www1.assets-gap.com/webcontent/0055/985/084/cn55985084.mp4","https://www1.assets-gap.com/webcontent/0055/854/183/cn55854183.jpg?q=h&w=768","https://www1.assets-gap.com/webcontent/0055/854/195/cn55854195.jpg?q=h&w=768","https://www1.assets-gap.com/webcontent/0057/990/035/cn57990035.jpg?q=h&w=768","https://www1.assets-gap.com/webcontent/0055/996/959/cn55996959.jpg?q=h&w=768","https://www1.assets-gap.com/webcontent/0062/324/654/cn62324654.jpg?q=h&w=768","https://digitalassets.gapinc.com/AssetLink/4eja5y48532xxtcc2njvhsw504ca5b27.svg?TP=NAV/","High-Waisted Wow Flare Jeans","$28.00","Card Exclusive! $22.40 with Code VIP","","$34.99","20% Off","","",""
"https://oldnavy.gap.com/browse/product.do?pid=732521002&vid=1&pcid=85729&cid=85729&nav=meganav%3AWomen%3AShop+Women%27s+Categories%3AJeans","https://www1.assets-gap.com/webcontent/0056/933/192/cn56933192.jpg?q=h&w=768","https://www1.assets-gap.com/webcontent/0056/933/126/cn56933126.jpg?q=h&w=768","https://www1.assets-gap.com/webcontent/0056/943/018/cn56943018.jpg?q=h&w=768","https://www1.assets-gap.com/webcontent/0057/095/270/cn57095270.mp4","https://www1.assets-gap.com/webcontent/0055/854/316/cn55854316.jpg?q=h&w=768","https://www1.assets-gap.com/webcontent/0055/854/304/cn55854304.jpg?q=h&w=768","https://www1.assets-gap.com/webcontent/0055/997/262/cn55997262.jpg?q=h&w=768","https://www1.assets-gap.com/webcontent/0055/997/269/cn55997269.jpg?q=h&w=768","https://www1.assets-gap.com/webcontent/0060/818/777/cn60818777.jpg?q=h&w=768","","Extra High-Waisted Wide-Leg Jeans","$31.49","Card Exclusive! $25.19 with Code VIP","","$44.99","30% Off","+5","https://oldnavy.gap.com/browse/product.do?pid=732521002&vid=1&pcid=85729&cid=85729&nav=meganav%3AWomen%3AShop+Women%27s+Categories%3AJeans",""
"https://oldnavy.gap.com/browse/product.do?pid=864377002&vid=1&pcid=85729&cid=85729&nav=meganav%3AWomen%3AShop+Women%27s+Categories%3AJeans","https://www1.assets-gap.com/webcontent/0061/567/493/cn61567493.jpg?q=h&w=768","https://www1.assets-gap.com/webcontent/0061/567/460/cn61567460.jpg?q=h&w=768","https://www1.assets-gap.com/webcontent/0061/567/128/cn61567128.jpg?q=h&w=768","","https://www1.assets-gap.com/webcontent/0061/567/450/cn61567450.jpg?q=h&w=768","https://www1.assets-gap.com/webcontent/0061/179/270/cn61179270.jpg?q=h&w=768","https://www1.assets-gap.com/webcontent/0061/179/267/cn61179267.jpg?q=h&w=768","https://www1.assets-gap.com/webcontent/0061/585/007/cn61585007.jpg?q=h&w=768","https://www1.assets-gap.com/webcontent/0061/586/362/cn61586362.jpg?q=h&w=768","","High-Waisted OG Loose Rigid Jeans","$22.49","Card Exclusive! $17.99 with Code VIP","","$44.99","50% Off","","","Best Seller"
"https://oldnavy.gap.com/browse/product.do?pid=864066002&vid=1&pcid=85729&cid=85729&nav=meganav%3AWomen%3AShop+Women%27s+Categories%3AJeans","https://www1.assets-gap.com/webcontent/0062/004/349/cn62004349.jpg?q=h&w=768","https://www1.assets-gap.com/webcontent/0061/978/956/cn61978956.jpg?q=h&w=768","https://www1.assets-gap.com/webcontent/0061/978/970/cn61978970.jpg?q=h&w=768","","https://www1.assets-gap.com/webcontent/0061/978/938/cn61978938.jpg?q=h&w=768","https://www1.assets-gap.com/webcontent/0061/978/951/cn61978951.jpg?q=h&w=768","https://www1.assets-gap.com/webcontent/0061/978/950/cn61978950.jpg?q=h&w=768","https://www1.assets-gap.com/webcontent/0061/978/930/cn61978930.jpg?q=h&w=768","https://www1.assets-gap.com/webcontent/0061/978/923/cn61978923.jpg?q=h&w=768","","High-Waisted Baggy Wide-Leg Stretch Jeans","$29.99","Card Exclusive! $23.99 with Code VIP","","$49.99","40% Off","","",""
"https://oldnavy.gap.com/browse/product.do?pid=693677002&vid=1&pcid=85729&cid=85729&nav=meganav%3AWomen%3AShop+Women%27s+Categories%3AJeans","https://www1.assets-gap.com/webcontent/0057/713/981/cn57713981.jpg?q=h&w=768","https://www1.assets-gap.com/webcontent/0057/714/494/cn57714494.jpg?q=h&w=768","https://www1.assets-gap.com/webcontent/0057/605/465/cn57605465.jpg?q=h&w=768","","https://www1.assets-gap.com/webcontent/0057/605/473/cn57605473.jpg?q=h&w=768","https://www1.assets-gap.com/webcontent/0057/605/474/cn57605474.jpg?q=h&w=768","https://www1.assets-gap.com/webcontent/0057/605/464/cn57605464.jpg?q=h&w=768","https://www1.assets-gap.com/webcontent/0057/714/509/cn57714509.jpg?q=h&w=768","https://www1.assets-gap.com/webcontent/0060/228/538/cn60228538.jpg?q=h&w=768","","Curvy High-Waisted OG Loose Jeans","$31.49","Card Exclusive! $25.19 with Code VIP","","$44.99","30% Off","+5","https://oldnavy.gap.com/browse/product.do?pid=693677002&vid=1&pcid=85729&cid=85729&nav=meganav%3AWomen%3AShop+Women%27s+Categories%3AJeans",""
"https://oldnavy.gap.com/browse/product.do?pid=860663002&vid=1&pcid=85729&cid=85729&nav=meganav%3AWomen%3AShop+Women%27s+Categories%3AJeans","https://www1.assets-gap.com/webcontent/0060/714/185/cn60714185.jpg?q=h&w=768","https://www1.assets-gap.com/webcontent/0060/714/160/cn60714160.jpg?q=h&w=768","https://www1.assets-gap.com/webcontent/0060/714/167/cn60714167.jpg?q=h&w=768","https://www1.assets-gap.com/webcontent/0060/986/209/cn60986209.mp4","https://www1.assets-gap.com/webcontent/0060/714/165/cn60714165.jpg?q=h&w=768","https://www1.assets-gap.com/webcontent/0061/157/867/cn61157867.jpg?q=h&w=768","https://www1.assets-gap.com/webcontent/0060/984/825/cn60984825.jpg?q=h&w=768","https://www1.assets-gap.com/webcontent/0060/984/816/cn60984816.jpg?q=h&w=768","https://www1.assets-gap.com/webcontent/0061/598/297/cn61598297.jpg?q=h&w=768","https://digitalassets.gapinc.com/AssetLink/4eja5y48532xxtcc2njvhsw504ca5b27.svg?TP=NAV/","Wow High-Waisted Barrel Ankle Jeans","$24.00","Card Exclusive! $19.20 with Code VIP","","$39.99","40% Off","","",""
"https://oldnavy.gap.com/browse/product.do?pid=691735002&vid=1&pcid=85729&cid=85729&nav=meganav%3AWomen%3AShop+Women%27s+Categories%3AJeans","https://www1.assets-gap.com/webcontent/0057/651/946/cn57651946.jpg?q=h&w=768","https://www1.assets-gap.com/webcontent/0057/652/008/cn57652008.jpg?q=h&w=768","https://www1.assets-gap.com/webcontent/0057/652/024/cn57652024.jpg?q=h&w=768","https://www1.assets-gap.com/webcontent/0057/799/351/cn57799351.mp4","https://www1.assets-gap.com/webcontent/0057/398/913/cn57398913.jpg?q=h&w=768","https://www1.assets-gap.com/webcontent/0057/398/902/cn57398902.jpg?q=h&w=768","https://www1.assets-gap.com/webcontent/0057/544/054/cn57544054.jpg?q=h&w=768","https://www1.assets-gap.com/webcontent/0057/544/073/cn57544073.jpg?q=h&w=768","https://www1.assets-gap.com/webcontent/0057/652/009/cn57652009.jpg?q=h&w=768","","Curvy High-Waisted OG Straight Button-Fly Ankle Jeans","$26.99","Card Exclusive! $21.59 with Code VIP","https://www1.assets-gap.com/webcontent/0060/227/832/cn60227832.jpg?q=h&w=768","$44.99","40% Off","","","Best Seller"
"https://oldnavy.gap.com/browse/product.do?pid=894176002&vid=1&pcid=85729&cid=85729&nav=meganav%3AWomen%3AShop+Women%27s+Categories%3AJeans","https://www1.assets-gap.com/webcontent/0061/853/612/cn61853612.jpg?q=h&w=768","https://www1.assets-gap.com/webcontent/0061/841/211/cn61841211.jpg?q=h&w=768","https://www1.assets-gap.com/webcontent/0061/841/224/cn61841224.jpg?q=h&w=768","","https://www1.assets-gap.com/webcontent/0062/372/797/cn62372797.jpg?q=h&w=768","https://www1.assets-gap.com/webcontent/0061/841/212/cn61841212.jpg?q=h&w=768","","","","","Low-Rise Loose Jeans","$26.99","Card Exclusive! $21.59 with Code VIP","","$44.99","40% Off","","",""
"https://oldnavy.gap.com/browse/product.do?pid=805770002&vid=1&pcid=85729&cid=85729&nav=meganav%3AWomen%3AShop+Women%27s+Categories%3AJeans","https://www1.assets-gap.com/webcontent/0061/585/306/cn61585306.jpg?q=h&w=768","https://www1.assets-gap.com/webcontent/0061/566/998/cn61566998.jpg?q=h&w=768","https://www1.assets-gap.com/webcontent/0061/567/007/cn61567007.jpg?q=h&w=768","","https://www1.assets-gap.com/webcontent/0061/567/018/cn61567018.jpg?q=h&w=768","https://www1.assets-gap.com/webcontent/0060/215/056/cn60215056.jpg?q=h&w=768","https://www1.assets-gap.com/webcontent/0060/332/786/cn60332786.jpg?q=h&w=768","https://www1.assets-gap.com/webcontent/0060/332/783/cn60332783.jpg?q=h&w=768","https://www1.assets-gap.com/webcontent/0060/226/380/cn60226380.jpg?q=h&w=768","","Extra High-Waisted Super Wide-Leg Jeans","$38.49","Card Exclusive! $30.79 with Code VIP","https://www1.assets-gap.com/webcontent/0061/585/917/cn61585917.jpg?q=h&w=768","$54.99","30% Off","","","New Fit"
"https://oldnavy.gap.com/browse/product.do?pid=805690002&vid=1&pcid=85729&cid=85729&nav=meganav%3AWomen%3AShop+Women%27s+Categories%3AJeans","https://www1.assets-gap.com/webcontent/0060/143/758/cn60143758.jpg?q=h&w=768","https://www1.assets-gap.com/webcontent/0060/143/759/cn60143759.jpg?q=h&w=768","https://www1.assets-gap.com/webcontent/0060/143/741/cn60143741.jpg?q=h&w=768","","https://www1.assets-gap.com/webcontent/0059/917/512/cn59917512.jpg?q=h&w=768","https://www1.assets-gap.com/webcontent/0060/215/100/cn60215100.jpg?q=h&w=768","https://www1.assets-gap.com/webcontent/0059/917/509/cn59917509.jpg?q=h&w=768","https://www1.assets-gap.com/webcontent/0059/921/603/cn59921603.jpg?q=h&w=768","https://www1.assets-gap.com/webcontent/0059/871/667/cn59871667.jpg?q=h&w=768","","Extra High-Waisted Straight Jeans","$26.99","Card Exclusive! $21.59 with Code VIP","https://www1.assets-gap.com/webcontent/0059/969/768/cn59969768.jpg?q=h&w=768","$44.99","40% Off","+3","https://oldnavy.gap.com/browse/product.do?pid=805690002&vid=1&pcid=85729&cid=85729&nav=meganav%3AWomen%3AShop+Women%27s+Categories%3AJeans","New Fit"
"https://oldnavy.gap.com/browse/product.do?pid=874465002&vid=1&pcid=85729&cid=85729&nav=meganav%3AWomen%3AShop+Women%27s+Categories%3AJeans","https://www1.assets-gap.com/webcontent/0061/898/288/cn61898288.jpg?q=h&w=768","https://www1.assets-gap.com/webcontent/0061/902/230/cn61902230.jpg?q=h&w=768","https://www1.assets-gap.com/webcontent/0061/902/226/cn61902226.jpg?q=h&w=768","","https://www1.assets-gap.com/webcontent/0061/902/240/cn61902240.jpg?q=h&w=768","https://www1.assets-gap.com/webcontent/0061/921/480/cn61921480.jpg?q=h&w=768","https://www1.assets-gap.com/webcontent/0061/921/516/cn61921516.jpg?q=h&w=768","https://www1.assets-gap.com/webcontent/0061/925/333/cn61925333.jpg?q=h&w=768","https://www1.assets-gap.com/webcontent/0061/925/309/cn61925309.jpg?q=h&w=768","","Curvy Extra High-Waisted Scalloped Wide-Leg Jeans","$41.99","Card Exclusive! $33.59 with Code VIP","","$59.99","30% Off","+1","https://oldnavy.gap.com/browse/product.do?pid=874465002&vid=1&pcid=85729&cid=85729&nav=meganav%3AWomen%3AShop+Women%27s+Categories%3AJeans",""
"https://oldnavy.gap.com/browse/product.do?pid=734884002&vid=1&pcid=85729&cid=85729&nav=meganav%3AWomen%3AShop+Women%27s+Categories%3AJeans","https://www1.assets-gap.com/webcontent/0056/034/723/cn56034723.jpg?q=h&w=768","https://www1.assets-gap.com/webcontent/0056/034/739/cn56034739.jpg?q=h&w=768","https://www1.assets-gap.com/webcontent/0056/034/738/cn56034738.jpg?q=h&w=768","","https://www1.assets-gap.com/webcontent/0056/164/490/cn56164490.jpg?q=h&w=768","https://www1.assets-gap.com/webcontent/0055/931/724/cn55931724.jpg?q=h&w=768","https://www1.assets-gap.com/webcontent/0055/931/733/cn55931733.jpg?q=h&w=768","https://www1.assets-gap.com/webcontent/0056/634/607/cn56634607.jpg?q=h&w=768","https://www1.assets-gap.com/webcontent/0056/634/583/cn56634583.jpg?q=h&w=768","https://digitalassets.gapinc.com/AssetLink/4eja5y48532xxtcc2njvhsw504ca5b27.svg?TP=NAV/","High-Waisted Wow Super-Skinny Jeans","$24.00","Card Exclusive! $19.20 with Code VIP","https://www1.assets-gap.com/webcontent/0062/336/724/cn62336724.jpg?q=h&w=768","$34.99","31% Off","+1","https://oldnavy.gap.com/browse/product.do?pid=734884002&vid=1&pcid=85729&cid=85729&nav=meganav%3AWomen%3AShop+Women%27s+Categories%3AJeans",""
"https://oldnavy.gap.com/browse/product.do?pid=764765002&vid=1&pcid=85729&cid=85729&nav=meganav%3AWomen%3AShop+Women%27s+Categories%3AJeans","https://www1.assets-gap.com/webcontent/0060/189/844/cn60189844.jpg?q=h&w=768","https://www1.assets-gap.com/webcontent/0060/189/816/cn60189816.jpg?q=h&w=768","https://www1.assets-gap.com/webcontent/0060/189/828/cn60189828.jpg?q=h&w=768","https://www1.assets-gap.com/webcontent/0060/665/513/cn60665513.mp4","https://www1.assets-gap.com/webcontent/0061/780/876/cn61780876.jpg?q=h&w=768","https://www1.assets-gap.com/webcontent/0059/971/190/cn59971190.jpg?q=h&w=768","https://www1.assets-gap.com/webcontent/0060/003/348/cn60003348.jpg?q=h&w=768","","","","Mid-Rise Slouchy Wide-Leg Jeans","$26.99","Card Exclusive! $21.59 with Code VIP","","$44.99","40% Off","","","Best Seller"
"https://oldnavy.gap.com/browse/product.do?pid=864059002&vid=1&pcid=85729&cid=85729&nav=meganav%3AWomen%3AShop+Women%27s+Categories%3AJeans","https://www1.assets-gap.com/webcontent/0061/865/824/cn61865824.jpg?q=h&w=768","https://www1.assets-gap.com/webcontent/0061/865/773/cn61865773.jpg?q=h&w=768","https://www1.assets-gap.com/webcontent/0061/866/176/cn61866176.jpg?q=h&w=768","https://www1.assets-gap.com/webcontent/0062/145/602/cn62145602.mp4","https://www1.assets-gap.com/webcontent/0061/865/810/cn61865810.jpg?q=h&w=768","https://www1.assets-gap.com/webcontent/0061/811/739/cn61811739.jpg?q=h&w=768","https://www1.assets-gap.com/webcontent/0061/865/807/cn61865807.jpg?q=h&w=768","https://www1.assets-gap.com/webcontent/0061/865/799/cn61865799.jpg?q=h&w=768","https://www1.assets-gap.com/webcontent/0061/865/829/cn61865829.jpg?q=h&w=768","","Mid-Rise Baggy Wide-Leg Culotte Jeans","$31.49","Card Exclusive! $25.19 with Code VIP","https://www1.assets-gap.com/webcontent/0061/865/797/cn61865797.jpg?q=h&w=768","$44.99","30% Off","","",""
"https://oldnavy.gap.com/browse/product.do?pid=864353002&vid=1&pcid=85729&cid=85729&nav=meganav%3AWomen%3AShop+Women%27s+Categories%3AJeans","https://www1.assets-gap.com/webcontent/0061/686/847/cn61686847.jpg?q=h&w=768","https://www1.assets-gap.com/webcontent/0061/651/645/cn61651645.jpg?q=h&w=768","https://www1.assets-gap.com/webcontent/0061/651/659/cn61651659.jpg?q=h&w=768","","https://www1.assets-gap.com/webcontent/0061/651/646/cn61651646.jpg?q=h&w=768","https://www1.assets-gap.com/webcontent/0061/487/801/cn61487801.jpg?q=h&w=768","https://www1.assets-gap.com/webcontent/0061/487/795/cn61487795.jpg?q=h&w=768","https://www1.assets-gap.com/webcontent/0061/460/005/cn61460005.jpg?q=h&w=768","","","Mid-Rise Loose Boot-Cut Jeans","$31.49","Card Exclusive! $25.19 with Code VIP","","$44.99","30% Off","","","Best Seller"
"https://oldnavy.gap.com/browse/product.do?pid=903562002&vid=1&pcid=85729&cid=85729&nav=meganav%3AWomen%3AShop+Women%27s+Categories%3AJeans","https://www1.assets-gap.com/webcontent/0062/191/649/cn62191649.jpg?q=h&w=768","https://www1.assets-gap.com/webcontent/0062/191/635/cn62191635.jpg?q=h&w=768","https://www1.assets-gap.com/webcontent/0062/178/283/cn62178283.jpg?q=h&w=768","","https://www1.assets-gap.com/webcontent/0062/178/286/cn62178286.jpg?q=h&w=768","","","","","https://digitalassets.gapinc.com/AssetLink/3340uel6032r06g785jld67j7ksvd2d2.svg?TP=NAV/","Old Navy x The Devil Wears Prada Extra High-Waisted Cerulean Wide-Leg Jeans","$49.99","Hi, I'm New","","","","","",""
"https://oldnavy.gap.com/browse/product.do?pid=876697002&vid=1&pcid=85729&cid=85729&nav=meganav%3AWomen%3AShop+Women%27s+Categories%3AJeans","https://www1.assets-gap.com/webcontent/0055/780/340/cn55780340.jpg?q=h&w=768","https://www1.assets-gap.com/webcontent/0055/780/503/cn55780503.jpg?q=h&w=768","https://www1.assets-gap.com/webcontent/0055/780/348/cn55780348.jpg?q=h&w=768","","https://www1.assets-gap.com/webcontent/0055/686/067/cn55686067.jpg?q=h&w=768","https://www1.assets-gap.com/webcontent/0055/997/182/cn55997182.jpg?q=h&w=768","https://www1.assets-gap.com/webcontent/0055/997/185/cn55997185.jpg?q=h&w=768","https://www1.assets-gap.com/webcontent/0055/894/398/cn55894398.jpg?q=h&w=768","https://www1.assets-gap.com/webcontent/0055/894/410/cn55894410.jpg?q=h&w=768","","Mid-Rise Rockstar Super-Skinny Ankle Jeans","$29.99","Card Exclusive! $23.99 with Code VIP","","$49.99","40% Off","","",""
"https://oldnavy.gap.com/browse/product.do?pid=805708002&vid=1&pcid=85729&cid=85729&nav=meganav%3AWomen%3AShop+Women%27s+Categories%3AJeans","https://www1.assets-gap.com/webcontent/0060/362/314/cn60362314.jpg?q=h&w=768","https://www1.assets-gap.com/webcontent/0060/373/036/cn60373036.jpg?q=h&w=768","https://www1.assets-gap.com/webcontent/0060/373/084/cn60373084.jpg?q=h&w=768","","https://www1.assets-gap.com/webcontent/0060/373/088/cn60373088.jpg?q=h&w=768","https://www1.assets-gap.com/webcontent/0060/228/015/cn60228015.jpg?q=h&w=768","https://www1.assets-gap.com/webcontent/0060/373/040/cn60373040.jpg?q=h&w=768","https://www1.assets-gap.com/webcontent/0060/373/058/cn60373058.jpg?q=h&w=768","https://www1.assets-gap.com/webcontent/0060/255/206/cn60255206.jpg?q=h&w=768","","Curvy Extra High-Waisted Straight Jeans","$26.99","Card Exclusive! $21.59 with Code VIP","https://www1.assets-gap.com/webcontent/0061/585/882/cn61585882.jpg?q=h&w=768","$44.99","40% Off","+1","https://oldnavy.gap.com/browse/product.do?pid=805708002&vid=1&pcid=85729&cid=85729&nav=meganav%3AWomen%3AShop+Women%27s+Categories%3AJeans",""
"https://oldnavy.gap.com/browse/product.do?pid=864148002&vid=1&pcid=85729&cid=85729&nav=meganav%3AWomen%3AShop+Women%27s+Categories%3AJeans","https://www1.assets-gap.com/webcontent/0061/651/861/cn61651861.jpg?q=h&w=768","https://www1.assets-gap.com/webcontent/0061/651/827/cn61651827.jpg?q=h&w=768","https://www1.assets-gap.com/webcontent/0061/651/825/cn61651825.jpg?q=h&w=768","","https://www1.assets-gap.com/webcontent/0061/356/661/cn61356661.jpg?q=h&w=768","https://www1.assets-gap.com/webcontent/0061/513/267/cn61513267.jpg?q=h&w=768","https://www1.assets-gap.com/webcontent/0061/513/259/cn61513259.jpg?q=h&w=768","https://www1.assets-gap.com/webcontent/0061/460/841/cn61460841.jpg?q=h&w=768","https://www1.assets-gap.com/webcontent/0061/460/837/cn61460837.jpg?q=h&w=768","","High-Waisted Wow Baggy Jean Shorts -- 5-inch inseam","$25.89","Card Exclusive! $20.71 with Code VIP","https://www1.assets-gap.com/webcontent/0062/336/514/cn62336514.jpg?q=h&w=768","$36.99","30% Off","","","Best Seller"
"https://oldnavy.gap.com/browse/product.do?pid=584276002&vid=1&pcid=85729&cid=85729&nav=meganav%3AWomen%3AShop+Women%27s+Categories%3AJeans","https://www1.assets-gap.com/webcontent/0057/438/342/cn57438342.jpg?q=h&w=768","https://www1.assets-gap.com/webcontent/0057/438/798/cn57438798.jpg?q=h&w=768","https://www1.assets-gap.com/webcontent/0057/438/790/cn57438790.jpg?q=h&w=768","","https://www1.assets-gap.com/webcontent/0057/438/816/cn57438816.jpg?q=h&w=768","https://www1.assets-gap.com/webcontent/0057/438/826/cn57438826.jpg?q=h&w=768","https://www1.assets-gap.com/webcontent/0062/331/228/cn62331228.jpg?q=h&w=768","https://www1.assets-gap.com/webcontent/0062/324/516/cn62324516.jpg?q=h&w=768","","","High-Waisted Weekender Pull-On Crop Wide-Leg Jeans","$23.99","Card Exclusive! $19.19 with Code VIP","","$39.99","40% Off","","",""
"https://oldnavy.gap.com/browse/product.do?pid=804463002&vid=1&pcid=85729&cid=85729&nav=meganav%3AWomen%3AShop+Women%27s+Categories%3AJeans","https://www1.assets-gap.com/webcontent/0059/740/685/cn59740685.jpg?q=h&w=768","https://www1.assets-gap.com/webcontent/0059/740/661/cn59740661.jpg?q=h&w=768","https://www1.assets-gap.com/webcontent/0059/740/678/cn59740678.jpg?q=h&w=768","","https://www1.assets-gap.com/webcontent/0060/215/058/cn60215058.jpg?q=h&w=768","https://www1.assets-gap.com/webcontent/0059/904/494/cn59904494.jpg?q=h&w=768","https://www1.assets-gap.com/webcontent/0059/904/471/cn59904471.jpg?q=h&w=768","https://www1.assets-gap.com/webcontent/0061/585/915/cn61585915.jpg?q=h&w=768","","","High-Waisted Barrel Ankle Jeans","$34.99","Card Exclusive! $27.99 with Code VIP","","$49.99","30% Off","+4","https://oldnavy.gap.com/browse/product.do?pid=804463002&vid=1&pcid=85729&cid=85729&nav=meganav%3AWomen%3AShop+Women%27s+Categories%3AJeans",""
"https://oldnavy.gap.com/browse/product.do?pid=692154002&vid=1&pcid=85729&cid=85729&nav=meganav%3AWomen%3AShop+Women%27s+Categories%3AJeans","https://www1.assets-gap.com/webcontent/0059/824/539/cn59824539.jpg?q=h&w=768","https://www1.assets-gap.com/webcontent/0059/824/581/cn59824581.jpg?q=h&w=768","https://www1.assets-gap.com/webcontent/0059/824/584/cn59824584.jpg?q=h&w=768","","https://www1.assets-gap.com/webcontent/0059/824/611/cn59824611.jpg?q=h&w=768","https://www1.assets-gap.com/webcontent/0060/227/839/cn60227839.jpg?q=h&w=768","","","","","Curvy High-Waisted Vintage Slim Jeans","$20.00","Card Exclusive! $16.00 with Code VIP","","$44.99","56% Off","","","Best Seller"
"https://oldnavy.gap.com/browse/product.do?pid=864183002&vid=1&pcid=85729&cid=85729&nav=meganav%3AWomen%3AShop+Women%27s+Categories%3AJeans","https://www1.assets-gap.com/webcontent/0061/085/734/cn61085734.jpg?q=h&w=768","https://www1.assets-gap.com/webcontent/0061/085/724/cn61085724.jpg?q=h&w=768","https://www1.assets-gap.com/webcontent/0061/085/722/cn61085722.jpg?q=h&w=768","","https://www1.assets-gap.com/webcontent/0061/344/025/cn61344025.jpg?q=h&w=768","https://www1.assets-gap.com/webcontent/0061/344/042/cn61344042.jpg?q=h&w=768","https://www1.assets-gap.com/webcontent/0061/423/173/cn61423173.jpg?q=h&w=768","https://www1.assets-gap.com/webcontent/0061/423/182/cn61423182.jpg?q=h&w=768","https://www1.assets-gap.com/webcontent/0062/322/189/cn62322189.jpg?q=h&w=768","","High-Waisted Wow Jean Shorts -- 4-inch inseam","$23.09","Card Exclusive! $18.47 with Code VIP","","$32.99","30% Off","","",""
"https://oldnavy.gap.com/browse/product.do?pid=552733002&vid=1&pcid=85729&cid=85729&nav=meganav%3AWomen%3AShop+Women%27s+Categories%3AJeans","https://www1.assets-gap.com/webcontent/0056/035/930/cn56035930.jpg?q=h&w=768","https://www1.assets-gap.com/webcontent/0056/035/973/cn56035973.jpg?q=h&w=768","https://www1.assets-gap.com/webcontent/0056/035/946/cn56035946.jpg?q=h&w=768","","https://www1.assets-gap.com/webcontent/0055/686/018/cn55686018.jpg?q=h&w=768","https://www1.assets-gap.com/webcontent/0055/933/332/cn55933332.jpg?q=h&w=768","https://www1.assets-gap.com/webcontent/0055/934/213/cn55934213.jpg?q=h&w=768","https://www1.assets-gap.com/webcontent/0055/934/212/cn55934212.jpg?q=h&w=768","https://www1.assets-gap.com/webcontent/0055/934/200/cn55934200.jpg?q=h&w=768","","High-Waisted Rockstar Super-Skinny Jeans","$29.99","Card Exclusive! $23.99 with Code VIP","","$49.99","40% Off","","",""
"https://oldnavy.gap.com/browse/product.do?pid=864137002&vid=1&pcid=85729&cid=85729&nav=meganav%3AWomen%3AShop+Women%27s+Categories%3AJeans","https://www1.assets-gap.com/webcontent/0061/979/090/cn61979090.jpg?q=h&w=768","https://www1.assets-gap.com/webcontent/0061/979/062/cn61979062.jpg?q=h&w=768","https://www1.assets-gap.com/webcontent/0061/979/081/cn61979081.jpg?q=h&w=768","","https://www1.assets-gap.com/webcontent/0062/158/991/cn62158991.jpg?q=h&w=768","https://www1.assets-gap.com/webcontent/0062/158/973/cn62158973.jpg?q=h&w=768","https://www1.assets-gap.com/webcontent/0062/063/263/cn62063263.jpg?q=h&w=768","https://www1.assets-gap.com/webcontent/0062/063/264/cn62063264.jpg?q=h&w=768","https://www1.assets-gap.com/webcontent/0061/979/088/cn61979088.jpg?q=h&w=768","","High-Waisted Wow Jean Shorts -- 9-inch inseam","$23.09","Card Exclusive! $18.47 with Code VIP","","$32.99","30% Off","","",""
"https://oldnavy.gap.com/browse/product.do?pid=864344002&vid=1&pcid=85729&cid=85729&nav=meganav%3AWomen%3AShop+Women%27s+Categories%3AJeans","https://www1.assets-gap.com/webcontent/0061/934/850/cn61934850.jpg?q=h&w=768","https://www1.assets-gap.com/webcontent/0062/239/765/cn62239765.jpg?q=h&w=768","https://www1.assets-gap.com/webcontent/0062/242/898/cn62242898.jpg?q=h&w=768","","https://www1.assets-gap.com/webcontent/0062/239/790/cn62239790.jpg?q=h&w=768","https://www1.assets-gap.com/webcontent/0062/242/893/cn62242893.jpg?q=h&w=768","https://www1.assets-gap.com/webcontent/0062/242/892/cn62242892.jpg?q=h&w=768","","","","High-Waisted Rounded Wide-Leg Barrel Jeans","$34.99","Card Exclusive! $27.99 with Code VIP","","$49.99","30% Off","","","Best Seller"
"https://oldnavy.gap.com/browse/product.do?pid=864121002&vid=1&pcid=85729&cid=85729&nav=meganav%3AWomen%3AShop+Women%27s+Categories%3AJeans","https://www1.assets-gap.com/webcontent/0061/979/034/cn61979034.jpg?q=h&w=768","https://www1.assets-gap.com/webcontent/0061/979/032/cn61979032.jpg?q=h&w=768","https://www1.assets-gap.com/webcontent/0061/979/017/cn61979017.jpg?q=h&w=768","","https://www1.assets-gap.com/webcontent/0061/937/384/cn61937384.jpg?q=h&w=768","https://www1.assets-gap.com/webcontent/0061/979/038/cn61979038.jpg?q=h&w=768","https://www1.assets-gap.com/webcontent/0061/940/138/cn61940138.jpg?q=h&w=768","https://www1.assets-gap.com/webcontent/0061/940/041/cn61940041.jpg?q=h&w=768","https://www1.assets-gap.com/webcontent/0061/940/073/cn61940073.jpg?q=h&w=768","","Curvy High-Waisted OG Jean Cut-Off Shorts -- 4-inch inseam","$23.99","Card Exclusive! $19.19 with Code VIP","","$39.99","40% Off","","","Best Seller"
"https://oldnavy.gap.com/browse/product.do?pid=867950002&vid=1&pcid=85729&cid=85729&nav=meganav%3AWomen%3AShop+Women%27s+Categories%3AJeans","https://www1.assets-gap.com/webcontent/0061/074/508/cn61074508.jpg?q=h&w=768","https://www1.assets-gap.com/webcontent/0061/074/488/cn61074488.jpg?q=h&w=768","https://www1.assets-gap.com/webcontent/0061/074/668/cn61074668.jpg?q=h&w=768","","https://www1.assets-gap.com/webcontent/0061/060/447/cn61060447.jpg?q=h&w=768","https://www1.assets-gap.com/webcontent/0060/859/104/cn60859104.jpg?q=h&w=768","https://www1.assets-gap.com/webcontent/0060/859/118/cn60859118.jpg?q=h&w=768","https://www1.assets-gap.com/webcontent/0060/859/103/cn60859103.jpg?q=h&w=768","https://www1.assets-gap.com/webcontent/0060/859/115/cn60859115.jpg?q=h&w=768","","High-Waisted Taylor Trouser Wide-Leg Pants","$35.00","Card Exclusive! $28.00 with Code VIP","","$54.99","36% Off","","",""
"https://oldnavy.gap.com/browse/product.do?pid=864152002&vid=1&pcid=85729&cid=85729&nav=meganav%3AWomen%3AShop+Women%27s+Categories%3AJeans","https://www1.assets-gap.com/webcontent/0061/179/582/cn61179582.jpg?q=h&w=768","https://www1.assets-gap.com/webcontent/0061/179/585/cn61179585.jpg?q=h&w=768","https://www1.assets-gap.com/webcontent/0061/179/598/cn61179598.jpg?q=h&w=768","","https://www1.assets-gap.com/webcontent/0062/267/151/cn62267151.jpg?q=h&w=768","https://www1.assets-gap.com/webcontent/0061/356/686/cn61356686.jpg?q=h&w=768","https://www1.assets-gap.com/webcontent/0061/356/679/cn61356679.jpg?q=h&w=768","https://www1.assets-gap.com/webcontent/0061/306/597/cn61306597.jpg?q=h&w=768","https://www1.assets-gap.com/webcontent/0061/306/587/cn61306587.jpg?q=h&w=768","","High-Waisted OG Jean Shorts -- 4-inch inseam","$23.99","Card Exclusive! $19.19 with Code VIP","https://www1.assets-gap.com/webcontent/0062/322/190/cn62322190.jpg?q=h&w=768","$39.99","40% Off","","","Best Seller"
"https://oldnavy.gap.com/browse/product.do?pid=864389002&vid=1&pcid=85729&cid=85729&nav=meganav%3AWomen%3AShop+Women%27s+Categories%3AJeans","https://www1.assets-gap.com/webcontent/0061/901/825/cn61901825.jpg?q=h&w=768","https://www1.assets-gap.com/webcontent/0061/901/774/cn61901774.jpg?q=h&w=768","https://www1.assets-gap.com/webcontent/0061/901/787/cn61901787.jpg?q=h&w=768","","https://www1.assets-gap.com/webcontent/0061/901/800/cn61901800.jpg?q=h&w=768","https://www1.assets-gap.com/webcontent/0061/925/299/cn61925299.jpg?q=h&w=768","https://www1.assets-gap.com/webcontent/0061/925/313/cn61925313.jpg?q=h&w=768","https://www1.assets-gap.com/webcontent/0062/198/166/cn62198166.jpg?q=h&w=768","https://www1.assets-gap.com/webcontent/0062/198/160/cn62198160.jpg?q=h&w=768","","Extra High-Waisted Baby Boot-Cut Jeans","$34.99","Card Exclusive! $27.99 with Code VIP","","$49.99","30% Off","+1","https://oldnavy.gap.com/browse/product.do?pid=864389002&vid=1&pcid=85729&cid=85729&nav=meganav%3AWomen%3AShop+Women%27s+Categories%3AJeans",""
"https://oldnavy.gap.com/browse/product.do?pid=864361022&vid=1&pcid=85729&cid=85729&nav=meganav%3AWomen%3AShop+Women%27s+Categories%3AJeans","https://www1.assets-gap.com/webcontent/0061/856/404/cn61856404.jpg?q=h&w=768","https://www1.assets-gap.com/webcontent/0061/856/418/cn61856418.jpg?q=h&w=768","https://www1.assets-gap.com/webcontent/0061/856/395/cn61856395.jpg?q=h&w=768","","https://www1.assets-gap.com/webcontent/0061/865/548/cn61865548.jpg?q=h&w=768","https://www1.assets-gap.com/webcontent/0061/836/889/cn61836889.jpg?q=h&w=768","https://www1.assets-gap.com/webcontent/0061/836/877/cn61836877.jpg?q=h&w=768","https://www1.assets-gap.com/webcontent/0061/836/878/cn61836878.jpg?q=h&w=768","https://www1.assets-gap.com/webcontent/0061/836/844/cn61836844.jpg?q=h&w=768","https://digitalassets.gapinc.com/AssetLink/4eja5y48532xxtcc2njvhsw504ca5b27.svg?TP=NAV/","High-Waisted Wow Capri Jeans","$28.00","Card Exclusive! $22.40 with Code VIP","","$34.99","20% Off","","",""
"https://oldnavy.gap.com/browse/product.do?pid=881710002&vid=1&pcid=85729&cid=85729&nav=meganav%3AWomen%3AShop+Women%27s+Categories%3AJeans","https://www1.assets-gap.com/webcontent/0061/798/749/cn61798749.jpg?q=h&w=768","https://www1.assets-gap.com/webcontent/0061/784/575/cn61784575.jpg?q=h&w=768","https://www1.assets-gap.com/webcontent/0061/784/569/cn61784569.jpg?q=h&w=768","","https://www1.assets-gap.com/webcontent/0061/489/452/cn61489452.jpg?q=h&w=768","https://www1.assets-gap.com/webcontent/0061/798/727/cn61798727.jpg?q=h&w=768","https://www1.assets-gap.com/webcontent/0061/798/554/cn61798554.jpg?q=h&w=768","https://www1.assets-gap.com/webcontent/0061/902/938/cn61902938.jpg?q=h&w=768","https://www1.assets-gap.com/webcontent/0061/902/954/cn61902954.jpg?q=h&w=768","","High-Waisted OGC Chino Shorts -- 4-inch inseam","$15.00","Card Exclusive! $12.00 with Code VIP","https://www1.assets-gap.com/webcontent/0062/322/123/cn62322123.jpg?q=h&w=768","$32.99","55% Off","+2","https://oldnavy.gap.com/browse/product.do?pid=881710002&vid=1&pcid=85729&cid=85729&nav=meganav%3AWomen%3AShop+Women%27s+Categories%3AJeans","Best Seller"
"https://oldnavy.gap.com/browse/product.do?pid=705127002&vid=1&pcid=85729&cid=85729&nav=meganav%3AWomen%3AShop+Women%27s+Categories%3AJeans","https://www1.assets-gap.com/webcontent/0058/142/400/cn58142400.jpg?q=h&w=768","https://www1.assets-gap.com/webcontent/0058/142/389/cn58142389.jpg?q=h&w=768","https://www1.assets-gap.com/webcontent/0058/142/388/cn58142388.jpg?q=h&w=768","https://www1.assets-gap.com/webcontent/0059/443/610/cn59443610.mp4","https://www1.assets-gap.com/webcontent/0058/000/811/cn58000811.jpg?q=h&w=768","https://www1.assets-gap.com/webcontent/0058/000/803/cn58000803.jpg?q=h&w=768","https://www1.assets-gap.com/webcontent/0057/859/769/cn57859769.jpg?q=h&w=768","https://www1.assets-gap.com/webcontent/0057/859/760/cn57859760.jpg?q=h&w=768","https://www1.assets-gap.com/webcontent/0057/767/001/cn57767001.jpg?q=h&w=768","","High-Waisted Weekender Pull-On Crop Flare Jeans","$23.99","Card Exclusive! $19.19 with Code VIP","https://www1.assets-gap.com/webcontent/0058/142/367/cn58142367.jpg?q=h&w=768","$39.99","40% Off","","",""
"https://oldnavy.gap.com/browse/product.do?pid=894206002&vid=1&pcid=85729&cid=85729&nav=meganav%3AWomen%3AShop+Women%27s+Categories%3AJeans","https://www1.assets-gap.com/webcontent/0062/251/339/cn62251339.jpg?q=h&w=768","https://www1.assets-gap.com/webcontent/0062/033/182/cn62033182.jpg?q=h&w=768","https://www1.assets-gap.com/webcontent/0062/033/152/cn62033152.jpg?q=h&w=768","","https://www1.assets-gap.com/webcontent/0062/124/151/cn62124151.jpg?q=h&w=768","https://www1.assets-gap.com/webcontent/0062/033/146/cn62033146.jpg?q=h&w=768","","","","","Mid-Rise Baggy Jean Cut-Off Shorts -- 9-inch inseam","$29.99","Card Exclusive! $23.99 with Code VIP","","$49.99","40% Off","","",""
"https://oldnavy.gap.com/browse/product.do?pid=669632012&vid=1&pcid=85729&cid=85729&nav=meganav%3AWomen%3AShop+Women%27s+Categories%3AJeans","https://www1.assets-gap.com/webcontent/0056/942/938/cn56942938.jpg?q=h&w=768","https://www1.assets-gap.com/webcontent/0056/942/933/cn56942933.jpg?q=h&w=768","https://www1.assets-gap.com/webcontent/0056/942/952/cn56942952.jpg?q=h&w=768","https://www1.assets-gap.com/webcontent/0057/101/222/cn57101222.mp4","https://www1.assets-gap.com/webcontent/0055/931/712/cn55931712.jpg?q=h&w=768","https://www1.assets-gap.com/webcontent/0055/931/720/cn55931720.jpg?q=h&w=768","https://www1.assets-gap.com/webcontent/0055/894/359/cn55894359.jpg?q=h&w=768","https://www1.assets-gap.com/webcontent/0055/894/385/cn55894385.jpg?q=h&w=768","","","Extra High-Waisted Rockstar 360° Stretch Super-Skinny Jeans","$26.99","Card Exclusive! $21.59 with Code VIP","","$44.99","40% Off","","",""
"https://oldnavy.gap.com/browse/product.do?pid=864128002&vid=1&pcid=85729&cid=85729&nav=meganav%3AWomen%3AShop+Women%27s+Categories%3AJeans","https://www1.assets-gap.com/webcontent/0061/979/087/cn61979087.jpg?q=h&w=768","https://www1.assets-gap.com/webcontent/0061/979/042/cn61979042.jpg?q=h&w=768","https://www1.assets-gap.com/webcontent/0061/979/057/cn61979057.jpg?q=h&w=768","","https://www1.assets-gap.com/webcontent/0061/565/232/cn61565232.jpg?q=h&w=768","https://www1.assets-gap.com/webcontent/0062/158/976/cn62158976.jpg?q=h&w=768","https://www1.assets-gap.com/webcontent/0062/158/962/cn62158962.jpg?q=h&w=768","https://www1.assets-gap.com/webcontent/0062/063/254/cn62063254.jpg?q=h&w=768","https://www1.assets-gap.com/webcontent/0062/063/270/cn62063270.jpg?q=h&w=768","","High-Waisted Wow Jean Shorts -- 7-inch inseam","$23.09","Card Exclusive! $18.47 with Code VIP","","$32.99","30% Off","","",""
"https://oldnavy.gap.com/browse/product.do?pid=864051002&vid=1&pcid=85729&cid=85729&nav=meganav%3AWomen%3AShop+Women%27s+Categories%3AJeans","https://www1.assets-gap.com/webcontent/0061/765/915/cn61765915.jpg?q=h&w=768","https://www1.assets-gap.com/webcontent/0061/755/978/cn61755978.jpg?q=h&w=768","https://www1.assets-gap.com/webcontent/0061/755/988/cn61755988.jpg?q=h&w=768","","https://www1.assets-gap.com/webcontent/0061/755/987/cn61755987.jpg?q=h&w=768","https://www1.assets-gap.com/webcontent/0061/769/472/cn61769472.jpg?q=h&w=768","https://www1.assets-gap.com/webcontent/0061/769/299/cn61769299.jpg?q=h&w=768","https://www1.assets-gap.com/webcontent/0061/611/209/cn61611209.jpg?q=h&w=768","https://www1.assets-gap.com/webcontent/0061/611/396/cn61611396.jpg?q=h&w=768","","Baggy Wide-Leg Overalls","$59.99","","","","","","",""
"https://oldnavy.gap.com/browse/product.do?pid=841310002&vid=1&pcid=85729&cid=85729&nav=meganav%3AWomen%3AShop+Women%27s+Categories%3AJeans","https://www1.assets-gap.com/webcontent/0060/912/540/cn60912540.jpg?q=h&w=768","https://www1.assets-gap.com/webcontent/0060/912/537/cn60912537.jpg?q=h&w=768","https://www1.assets-gap.com/webcontent/0060/912/514/cn60912514.jpg?q=h&w=768","https://www1.assets-gap.com/webcontent/0061/000/995/cn61000995.mp4","https://www1.assets-gap.com/webcontent/0060/912/539/cn60912539.jpg?q=h&w=768","https://www1.assets-gap.com/webcontent/0061/157/368/cn61157368.jpg?q=h&w=768","https://www1.assets-gap.com/webcontent/0061/131/649/cn61131649.jpg?q=h&w=768","https://www1.assets-gap.com/webcontent/0061/131/643/cn61131643.jpg?q=h&w=768","https://www1.assets-gap.com/webcontent/0061/587/102/cn61587102.jpg?q=h&w=768","","High-Waisted Slim Jeans","$26.99","Card Exclusive! $21.59 with Code VIP","","$44.99","40% Off","","",""
"https://oldnavy.gap.com/browse/product.do?pid=881707002&vid=1&pcid=85729&cid=85729&nav=meganav%3AWomen%3AShop+Women%27s+Categories%3AJeans","https://www1.assets-gap.com/webcontent/0061/688/088/cn61688088.jpg?q=h&w=768","https://www1.assets-gap.com/webcontent/0061/688/074/cn61688074.jpg?q=h&w=768","https://www1.assets-gap.com/webcontent/0061/688/062/cn61688062.jpg?q=h&w=768","https://www1.assets-gap.com/webcontent/0061/920/047/cn61920047.mp4","https://www1.assets-gap.com/webcontent/0061/688/922/cn61688922.jpg?q=h&w=768","https://www1.assets-gap.com/webcontent/0061/554/167/cn61554167.jpg?q=h&w=768","https://www1.assets-gap.com/webcontent/0061/554/174/cn61554174.jpg?q=h&w=768","","","","High-Waisted OGC Chino Shorts -- 6-inch inseam","$22.00","Card Exclusive! $17.60 with Code VIP","","$32.99","33% Off","+1","https://oldnavy.gap.com/browse/product.do?pid=881707002&vid=1&pcid=85729&cid=85729&nav=meganav%3AWomen%3AShop+Women%27s+Categories%3AJeans",""
"https://oldnavy.gap.com/browse/product.do?pid=864131002&vid=1&pcid=85729&cid=85729&nav=meganav%3AWomen%3AShop+Women%27s+Categories%3AJeans","https://www1.assets-gap.com/webcontent/0061/951/897/cn61951897.jpg?q=h&w=768","https://www1.assets-gap.com/webcontent/0061/940/596/cn61940596.jpg?q=h&w=768","https://www1.assets-gap.com/webcontent/0061/951/873/cn61951873.jpg?q=h&w=768","","https://www1.assets-gap.com/webcontent/0061/487/530/cn61487530.jpg?q=h&w=768","https://www1.assets-gap.com/webcontent/0061/937/139/cn61937139.jpg?q=h&w=768","https://www1.assets-gap.com/webcontent/0061/937/113/cn61937113.jpg?q=h&w=768","","","","Curvy High-Waisted Baggy Jean Cut-Off Shorts -- 5-inch inseam","$28.19","Card Exclusive! $22.55 with Code VIP","","$46.99","40% Off","","","Best Seller"
"https://oldnavy.gap.com/browse/product.do?pid=864062002&vid=1&pcid=85729&cid=85729&nav=meganav%3AWomen%3AShop+Women%27s+Categories%3AJeans","https://www1.assets-gap.com/webcontent/0061/769/482/cn61769482.jpg?q=h&w=768","https://www1.assets-gap.com/webcontent/0061/769/294/cn61769294.jpg?q=h&w=768","https://www1.assets-gap.com/webcontent/0061/769/310/cn61769310.jpg?q=h&w=768","","https://www1.assets-gap.com/webcontent/0061/769/474/cn61769474.jpg?q=h&w=768","https://www1.assets-gap.com/webcontent/0061/824/470/cn61824470.jpg?q=h&w=768","https://www1.assets-gap.com/webcontent/0061/824/473/cn61824473.jpg?q=h&w=768","https://www1.assets-gap.com/webcontent/0061/824/454/cn61824454.jpg?q=h&w=768","","","Baggy Shortalls","$49.99","","","","","","",""
"https://oldnavy.gap.com/browse/product.do?pid=864157002&vid=1&pcid=85729&cid=85729&nav=meganav%3AWomen%3AShop+Women%27s+Categories%3AJeans","https://www1.assets-gap.com/webcontent/0062/217/353/cn62217353.jpg?q=h&w=768","https://www1.assets-gap.com/webcontent/0062/217/327/cn62217327.jpg?q=h&w=768","https://www1.assets-gap.com/webcontent/0062/217/356/cn62217356.jpg?q=h&w=768","","https://www1.assets-gap.com/webcontent/0061/551/139/cn61551139.jpg?q=h&w=768","https://www1.assets-gap.com/webcontent/0062/217/366/cn62217366.jpg?q=h&w=768","https://www1.assets-gap.com/webcontent/0062/217/344/cn62217344.jpg?q=h&w=768","https://www1.assets-gap.com/webcontent/0061/551/229/cn61551229.jpg?q=h&w=768","","","High-Waisted Baggy Jean Shorts -- 5-inch inseam","$28.19","Card Exclusive! $22.55 with Code VIP","","$46.99","40% Off","","",""
"https://oldnavy.gap.com/browse/product.do?pid=864326002&vid=1&pcid=85729&cid=85729&nav=meganav%3AWomen%3AShop+Women%27s+Categories%3AJeans","https://www1.assets-gap.com/webcontent/0062/078/181/cn62078181.jpg?q=h&w=768","https://www1.assets-gap.com/webcontent/0062/078/206/cn62078206.jpg?q=h&w=768","https://www1.assets-gap.com/webcontent/0062/078/195/cn62078195.jpg?q=h&w=768","https://www1.assets-gap.com/webcontent/0062/014/145/cn62014145.mp4","https://www1.assets-gap.com/webcontent/0062/078/217/cn62078217.jpg?q=h&w=768","https://www1.assets-gap.com/webcontent/0062/063/080/cn62063080.jpg?q=h&w=768","https://www1.assets-gap.com/webcontent/0062/067/882/cn62067882.jpg?q=h&w=768","https://www1.assets-gap.com/webcontent/0062/063/058/cn62063058.jpg?q=h&w=768","https://www1.assets-gap.com/webcontent/0062/078/193/cn62078193.jpg?q=h&w=768","","Scalloped-Edge Button-Down Mini Skirt","$28.19","Card Exclusive! $22.55 with Code VIP","https://www1.assets-gap.com/webcontent/0062/078/175/cn62078175.jpg?q=h&w=768","$46.99","40% Off","","","Best Seller"
"https://oldnavy.gap.com/browse/product.do?pid=884716002&vid=1&pcid=85729&cid=85729&nav=meganav%3AWomen%3AShop+Women%27s+Categories%3AJeans","https://www1.assets-gap.com/webcontent/0062/270/099/cn62270099.jpg?q=h&w=768","https://www1.assets-gap.com/webcontent/0062/270/080/cn62270080.jpg?q=h&w=768","https://www1.assets-gap.com/webcontent/0062/274/953/cn62274953.jpg?q=h&w=768","","https://www1.assets-gap.com/webcontent/0061/903/438/cn61903438.jpg?q=h&w=768","https://www1.assets-gap.com/webcontent/0061/825/831/cn61825831.jpg?q=h&w=768","https://www1.assets-gap.com/webcontent/0061/825/816/cn61825816.jpg?q=h&w=768","https://www1.assets-gap.com/webcontent/0062/034/409/cn62034409.jpg?q=h&w=768","https://www1.assets-gap.com/webcontent/0062/034/416/cn62034416.jpg?q=h&w=768","","High-Waisted OG Cut-Off Jean Shorts -- 4-inch inseam","$23.99","Card Exclusive! $19.19 with Code VIP","https://www1.assets-gap.com/webcontent/0062/274/967/cn62274967.jpg?q=h&w=768","$39.99","40% Off","","","Best Seller"
"https://oldnavy.gap.com/browse/product.do?pid=849536002&vid=1&pcid=85729&cid=85729&nav=meganav%3AWomen%3AShop+Women%27s+Categories%3AJeans","https://www1.assets-gap.com/webcontent/0054/992/808/cn54992808.jpg?q=h&w=768","https://www1.assets-gap.com/webcontent/0054/992/809/cn54992809.jpg?q=h&w=768","https://www1.assets-gap.com/webcontent/0054/992/575/cn54992575.jpg?q=h&w=768","","https://www1.assets-gap.com/webcontent/0057/102/023/cn57102023.jpg?q=h&w=768","https://www1.assets-gap.com/webcontent/0057/102/019/cn57102019.jpg?q=h&w=768","https://www1.assets-gap.com/webcontent/0055/020/921/cn55020921.jpg?q=h&w=768","https://www1.assets-gap.com/webcontent/0055/020/842/cn55020842.jpg?q=h&w=768","","","Curvy High-Waisted OG Straight Ankle Jeans","$29.99","Card Exclusive! $23.99 with Code VIP","","$49.99","40% Off","","",""
"https://oldnavy.gap.com/browse/product.do?pid=864342002&vid=1&pcid=85729&cid=85729&nav=meganav%3AWomen%3AShop+Women%27s+Categories%3AJeans","https://www1.assets-gap.com/webcontent/0062/004/136/cn62004136.jpg?q=h&w=768","https://www1.assets-gap.com/webcontent/0061/979/126/cn61979126.jpg?q=h&w=768","https://www1.assets-gap.com/webcontent/0061/979/141/cn61979141.jpg?q=h&w=768","","https://www1.assets-gap.com/webcontent/0061/979/134/cn61979134.jpg?q=h&w=768","https://www1.assets-gap.com/webcontent/0061/703/312/cn61703312.jpg?q=h&w=768","https://www1.assets-gap.com/webcontent/0061/703/288/cn61703288.jpg?q=h&w=768","https://www1.assets-gap.com/webcontent/0061/703/284/cn61703284.jpg?q=h&w=768","https://www1.assets-gap.com/webcontent/0061/703/295/cn61703295.jpg?q=h&w=768","","High-Waisted Barrel Jeans","$38.49","Card Exclusive! $30.79 with Code VIP","","$54.99","30% Off","","",""
"https://oldnavy.gap.com/browse/product.do?pid=884719002&vid=1&pcid=85729&cid=85729&nav=meganav%3AWomen%3AShop+Women%27s+Categories%3AJeans","https://www1.assets-gap.com/webcontent/0061/903/529/cn61903529.jpg?q=h&w=768","https://www1.assets-gap.com/webcontent/0061/903/470/cn61903470.jpg?q=h&w=768","https://www1.assets-gap.com/webcontent/0061/904/088/cn61904088.jpg?q=h&w=768","","https://www1.assets-gap.com/webcontent/0061/839/641/cn61839641.jpg?q=h&w=768","https://www1.assets-gap.com/webcontent/0061/903/499/cn61903499.jpg?q=h&w=768","https://www1.assets-gap.com/webcontent/0061/839/655/cn61839655.jpg?q=h&w=768","https://www1.assets-gap.com/webcontent/0061/839/647/cn61839647.jpg?q=h&w=768","https://www1.assets-gap.com/webcontent/0061/852/743/cn61852743.jpg?q=h&w=768","","High-Waisted OG Jean Cut-Off Shorts -- 7-inch inseam","$27.99","Card Exclusive! $22.39 with Code VIP","","$39.99","30% Off","","",""
"https://oldnavy.gap.com/browse/product.do?pid=849408002&vid=1&pcid=85729&cid=85729&nav=meganav%3AWomen%3AShop+Women%27s+Categories%3AJeans","https://www1.assets-gap.com/webcontent/0054/977/864/cn54977864.jpg?q=h&w=768","https://www1.assets-gap.com/webcontent/0054/978/279/cn54978279.jpg?q=h&w=768","https://www1.assets-gap.com/webcontent/0054/978/280/cn54978280.jpg?q=h&w=768","","https://www1.assets-gap.com/webcontent/0054/724/821/cn54724821.jpg?q=h&w=768","https://www1.assets-gap.com/webcontent/0054/880/833/cn54880833.jpg?q=h&w=768","https://www1.assets-gap.com/webcontent/0054/880/692/cn54880692.jpg?q=h&w=768","https://www1.assets-gap.com/webcontent/0054/802/892/cn54802892.jpg?q=h&w=768","https://www1.assets-gap.com/webcontent/0054/803/054/cn54803054.jpg?q=h&w=768","https://digitalassets.gapinc.com/AssetLink/4eja5y48532xxtcc2njvhsw504ca5b27.svg?TP=NAV/","High-Waisted Wow Jean Shorts -- 5-inch inseam","$29.99","","","","","","",""
"https://oldnavy.gap.com/browse/product.do?pid=846994002&vid=1&pcid=85729&cid=85729&nav=meganav%3AWomen%3AShop+Women%27s+Categories%3AJeans","https://www1.assets-gap.com/webcontent/0055/118/988/cn55118988.jpg?q=h&w=768","https://www1.assets-gap.com/webcontent/0055/119/002/cn55119002.jpg?q=h&w=768","https://www1.assets-gap.com/webcontent/0055/118/893/cn55118893.jpg?q=h&w=768","","https://www1.assets-gap.com/webcontent/0055/070/315/cn55070315.jpg?q=h&w=768","https://www1.assets-gap.com/webcontent/0055/070/561/cn55070561.jpg?q=h&w=768","https://www1.assets-gap.com/webcontent/0054/924/807/cn54924807.jpg?q=h&w=768","https://www1.assets-gap.com/webcontent/0054/924/816/cn54924816.jpg?q=h&w=768","https://www1.assets-gap.com/webcontent/0060/205/478/cn60205478.jpg?q=h&w=768","","High-Waisted Rockstar Super-Skinny Jeans","$29.99","Card Exclusive! $23.99 with Code VIP","","$49.99","40% Off","","",""
"https://oldnavy.gap.com/browse/product.do?pid=593446002&vid=1&pcid=85729&cid=85729&nav=meganav%3AWomen%3AShop+Women%27s+Categories%3AJeans","https://www1.assets-gap.com/webcontent/0057/203/794/cn57203794.jpg?q=h&w=768","https://www1.assets-gap.com/webcontent/0057/203/779/cn57203779.jpg?q=h&w=768","https://www1.assets-gap.com/webcontent/0057/203/800/cn57203800.jpg?q=h&w=768","","https://www1.assets-gap.com/webcontent/0056/949/948/cn56949948.jpg?q=h&w=768","https://www1.assets-gap.com/webcontent/0057/028/781/cn57028781.jpg?q=h&w=768","https://www1.assets-gap.com/webcontent/0057/028/802/cn57028802.jpg?q=h&w=768","https://www1.assets-gap.com/webcontent/0057/326/833/cn57326833.jpg?q=h&w=768","https://www1.assets-gap.com/webcontent/0057/326/835/cn57326835.jpg?q=h&w=768","","High-Waisted OG Jean Cut-Off Shorts","$9.97","Clearance: Final sale. No returns or exchanges.","","$39.99","75% Off","","",""
"https://oldnavy.gap.com/browse/product.do?pid=864650002&vid=1&pcid=85729&cid=85729&nav=meganav%3AWomen%3AShop+Women%27s+Categories%3AJeans","https://www1.assets-gap.com/webcontent/0060/974/086/cn60974086.jpg?q=h&w=768","https://www1.assets-gap.com/webcontent/0060/974/210/cn60974210.jpg?q=h&w=768","https://www1.assets-gap.com/webcontent/0060/974/220/cn60974220.jpg?q=h&w=768","","https://www1.assets-gap.com/webcontent/0060/947/853/cn60947853.jpg?q=h&w=768","https://www1.assets-gap.com/webcontent/0060/947/852/cn60947852.jpg?q=h&w=768","","","","https://digitalassets.gapinc.com/AssetLink/67a2w0581i8535v6sh42614s840i370p.svg?TP=NAV/","Old Navy x Anna Sui Slim Boot Cut Jeans","$17.97","Clearance: Price as marked.","","$69.99","74% Off","","",""
"https://oldnavy.gap.com/browse/product.do?pid=856823002&vid=3&pcid=85729&cid=85729&nav=meganav%3AWomen%3AShop+Women%27s+Categories%3AJeans","https://www1.assets-gap.com/webcontent/0056/918/649/cn56918649.jpg?q=h&w=768","https://www1.assets-gap.com/webcontent/0056/918/807/cn56918807.jpg?q=h&w=768","https://www1.assets-gap.com/webcontent/0056/918/811/cn56918811.jpg?q=h&w=768","https://www1.assets-gap.com/webcontent/0057/101/285/cn57101285.mp4","https://www1.assets-gap.com/webcontent/0054/705/617/cn54705617.jpg?q=h&w=768","https://www1.assets-gap.com/webcontent/0055/894/430/cn55894430.jpg?q=h&w=768","https://www1.assets-gap.com/webcontent/0055/894/450/cn55894450.jpg?q=h&w=768","https://www1.assets-gap.com/webcontent/0055/916/852/cn55916852.jpg?q=h&w=768","https://www1.assets-gap.com/webcontent/0055/916/854/cn55916854.jpg?q=h&w=768","","Extra High-Waisted Flare Jeans","$15.97","Clearance: Final sale. No returns or exchanges.","","$44.99","65% Off","","",""
"https://oldnavy.gap.com/browse/product.do?pid=580102002&vid=1&pcid=85729&cid=85729&nav=meganav%3AWomen%3AShop+Women%27s+Categories%3AJeans","https://www1.assets-gap.com/webcontent/0052/285/494/cn52285494.jpg?q=h&w=768","https://www1.assets-gap.com/webcontent/0052/285/502/cn52285502.jpg?q=h&w=768","https://www1.assets-gap.com/webcontent/0050/729/920/cn50729920.jpg?q=h&w=768","","https://www1.assets-gap.com/webcontent/0026/972/501/cn26972501.jpg?q=h&w=768","https://www1.assets-gap.com/webcontent/0052/611/008/cn52611008.jpg?q=h&w=768","https://www1.assets-gap.com/webcontent/0052/610/867/cn52610867.jpg?q=h&w=768","https://www1.assets-gap.com/webcontent/0050/981/949/cn50981949.jpg?q=h&w=768","https://www1.assets-gap.com/webcontent/0050/981/943/cn50981943.jpg?q=h&w=768","","High-Waisted Power Slim Straight Black Jeans","$22.47","Clearance: Price as marked.","","$44.99","50% Off","","",""
"https://oldnavy.gap.com/browse/product.do?pid=547207002&vid=1&pcid=85729&cid=85729&nav=meganav%3AWomen%3AShop+Women%27s+Categories%3AJeans","https://www1.assets-gap.com/webcontent/0052/600/770/cn52600770.jpg?q=h&w=768","https://www1.assets-gap.com/webcontent/0052/600/787/cn52600787.jpg?q=h&w=768","https://www1.assets-gap.com/webcontent/0052/496/230/cn52496230.jpg?q=h&w=768","","https://www1.assets-gap.com/webcontent/0052/452/708/cn52452708.jpg?q=h&w=768","https://www1.assets-gap.com/webcontent/0052/559/016/cn52559016.jpg?q=h&w=768","https://www1.assets-gap.com/webcontent/0052/558/788/cn52558788.jpg?q=h&w=768","https://www1.assets-gap.com/webcontent/0052/559/042/cn52559042.jpg?q=h&w=768","https://www1.assets-gap.com/webcontent/0052/558/803/cn52558803.jpg?q=h&w=768","","Mid-Rise Rockstar Super-Skinny Ankle Jeans","$12.49","Clearance: Price as marked.","","$49.99","75% Off","","",""
"https://oldnavy.gap.com/browse/product.do?pid=695253002&vid=1&pcid=85729&cid=85729&nav=meganav%3AWomen%3AShop+Women%27s+Categories%3AJeans","https://www1.assets-gap.com/webcontent/0057/724/663/cn57724663.jpg?q=h&w=768","https://www1.assets-gap.com/webcontent/0057/724/649/cn57724649.jpg?q=h&w=768","https://www1.assets-gap.com/webcontent/0057/724/652/cn57724652.jpg?q=h&w=768","","https://www1.assets-gap.com/webcontent/0057/489/561/cn57489561.jpg?q=h&w=768","https://www1.assets-gap.com/webcontent/0058/114/224/cn58114224.jpg?q=h&w=768","https://www1.assets-gap.com/webcontent/0058/114/202/cn58114202.jpg?q=h&w=768","https://www1.assets-gap.com/webcontent/0057/683/425/cn57683425.jpg?q=h&w=768","https://www1.assets-gap.com/webcontent/0057/683/410/cn57683410.jpg?q=h&w=768","","High-Waisted OG Jean Cut-Off Shorts -- 5-inch inseam","$9.97","Clearance: Final sale. No returns or exchanges.","","$39.99","75% Off","","",""
"https://oldnavy.gap.com/browse/product.do?pid=846780012&vid=1&pcid=85729&cid=85729&nav=meganav%3AWomen%3AShop+Women%27s+Categories%3AJeans","https://www1.assets-gap.com/webcontent/0055/194/668/cn55194668.jpg?q=h&w=768","https://www1.assets-gap.com/webcontent/0055/193/762/cn55193762.jpg?q=h&w=768","https://www1.assets-gap.com/webcontent/0055/194/175/cn55194175.jpg?q=h&w=768","","https://www1.assets-gap.com/webcontent/0055/057/490/cn55057490.jpg?q=h&w=768","https://www1.assets-gap.com/webcontent/0055/194/649/cn55194649.jpg?q=h&w=768","https://www1.assets-gap.com/webcontent/0055/194/650/cn55194650.jpg?q=h&w=768","https://www1.assets-gap.com/webcontent/0055/206/312/cn55206312.jpg?q=h&w=768","https://www1.assets-gap.com/webcontent/0055/206/180/cn55206180.jpg?q=h&w=768","https://digitalassets.gapinc.com/AssetLink/4eja5y48532xxtcc2njvhsw504ca5b27.svg?TP=NAV/","High-Waisted Wow Jean Shorts -- 3-inch inseam","$6.97","Clearance: Final sale. No returns or exchanges.","","$29.99","77% Off","","",""