"styles_ndsLink__GUaai href","styles_pictureLazy__1fLzp src","styles_styledBodyMdText__lJVEV","styles_ndsTruncate__0rtO0","styles_ndsLink__GUaai","styles_ratingsAndReviews__B6_gt href","styles_pictureLazy__1fLzp src 2","styles_pictureLazy__1fLzp src 3","styles_pictureLazy__1fLzp src 4","h-text-greenDark","h-text-grayDark","h-text-bold 2","styles_pictureLazy__1fLzp src 6","styles_btn__1hjpW 2","h-text-orangeDark","h-margin-v-tiny","h-text-bold 3","h-text-greenDark 2"
"https://www.target.com/p/levi-s-women-s-cinch-baggy-jeans/-/A-92690351?preselect=94771303#lnk=sametab","https://target.scene7.com/is/image/Target/GUEST_e95428dd-74b6-4cea-8378-00a26635c78d?qlt=65&fmt=webp&hei=350&wid=350","$74.99","Levi's® Women's High-Rise Cinch Baggy Jeans","Levi's","[object Object]","https://target.scene7.com/is/image/Target/GUEST_8300035f-36fa-4745-9da4-88f7ad1851e7?cropN=0.564%2C0.391%2C0.070%2C0.070&size=50%2C50&op_blur=50&wid=15&hei=15&qlt=80&fmt=webp","https://target.scene7.com/is/image/Target/GUEST_660f1ef9-c8be-45d4-a69e-2d6076bb3896?cropN=0.552%2C0.218%2C0.048%2C0.048&size=50%2C50&op_blur=50&wid=15&hei=15&qlt=80&fmt=webp","https://target.scene7.com/is/image/Target/baseswatch?color=172%2C193%2C209&wid=15&hei=15&qlt=80&fmt=webp","arrives Thu, Apr 30","Shipping dates may vary","","","","","","",""
"https://www.target.com/p/levi-s-women-s-724-high-rise-straight-jeans/-/A-86370039?preselect=94771188#lnk=sametab","https://target.scene7.com/is/image/Target/GUEST_6c9f5507-3387-4ba7-91bb-45f845db0f20?qlt=65&fmt=webp&hei=350&wid=350","$64.99","Levi's® Women's 724™ High-Rise Straight Jeans","Levi's","[object Object]","https://target.scene7.com/is/image/Target/GUEST_8c45ab26-ccd1-4adf-ae38-5b162c7b9ee1?wid=15&hei=15&qlt=80&fmt=webp","https://target.scene7.com/is/image/Target/GUEST_c2daae40-b6af-4ce9-b60a-5fc30404a038?cropN=0.55%2C0.48%2C0.1%2C0.1&sizeN=100%2C100&wid=15&hei=15&qlt=80&fmt=webp","https://target.scene7.com/is/image/Target/baseswatch?color=28%2C44%2C68&wid=15&hei=15&qlt=80&fmt=webp","arrives Thu, Apr 30","Shipping dates may vary","","","","","","",""
"https://www.target.com/p/kbb-by-kahlana-women-s-mid-rise-barrel-leg-the-lynnox-jean-dark-wash/-/A-94680226?preselect=94893062#lnk=sametab","https://target.scene7.com/is/image/Target/GUEST_adac1357-2c0f-467a-b005-f895a6371c5e?qlt=65&fmt=webp&hei=350&wid=350","$45.00 - $55.00","KBB by KAHLANA Women's Mid-Rise Barrel Leg 'The Lynnox Jean'","KBB by Kahlana","[object Object]","https://target.scene7.com/is/image/Target/GUEST_e83f047b-448a-43ae-8c4f-144857a299ed?cropN=0.41249993%2C0.39375%2C0.05%2C0.05&wid=15&hei=15&qlt=80&fmt=webp","https://target.scene7.com/is/image/Target/GUEST_732d7305-8e78-444c-bf6c-e1e19ff72f6b?cropN=0.40208328%2C0.72916657%2C0.029166717%2C0.029166717&wid=15&hei=15&qlt=80&fmt=webp","","arrives Thu, Apr 30","Shipping dates may vary","200+","","","","","",""
"https://www.target.com/p/women-s-everyday-high-rise-wide-leg-jeans-universal-thread/-/A-94441288?preselect=94766130#lnk=sametab","https://target.scene7.com/is/image/Target/GUEST_2776f1b2-cb98-4359-b53a-504500550f68?qlt=65&fmt=webp&hei=350&wid=350","$28.00","Women's High-Rise Wide Leg Jeans - Universal Thread™","Universal Thread","[object Object]","https://target.scene7.com/is/image/Target/GUEST_807047cc-35a0-45ed-adbd-7845c935f93d?cropN=0.427%2C0.116%2C0.040%2C0.040&size=50%2C50&op_blur=50&wid=15&hei=15&qlt=80&fmt=webp","https://target.scene7.com/is/image/Target/GUEST_edd1f705-12e3-419a-b1c0-3951a11bd6b2?cropN=0.420%2C0.394%2C0.048%2C0.048&size=50%2C50&op_blur=50&wid=15&hei=15&qlt=80&fmt=webp","https://target.scene7.com/is/image/Target/GUEST_0bacc23f-b1ee-4d24-be03-c4b74bd74fae?cropN=0.624%2C0.764%2C0.040%2C0.040&size=50%2C50&op_blur=50&wid=15&hei=15&qlt=80&fmt=webp","arrives Sat, May 2","Shipping dates may vary","3k+","https://target.scene7.com/is/image/Target/GUEST_6d4baec6-f5da-4507-8253-ca3f236f7b74?qlt=65&fmt=webp&hei=350&wid=350","View similar","","","",""
"https://www.target.com/p/levi-s-women-s-cinch-baggy-jeans/-/A-92690351?preselect=92463657#lnk=sametab","https://target.scene7.com/is/image/Target/GUEST_660f1ef9-c8be-45d4-a69e-2d6076bb3896?qlt=65&fmt=webp&hei=350&wid=350","$74.99","Levi's® Women's High-Rise Cinch Baggy Jeans","Levi's","[object Object]","https://target.scene7.com/is/image/Target/GUEST_8300035f-36fa-4745-9da4-88f7ad1851e7?cropN=0.564%2C0.391%2C0.070%2C0.070&size=50%2C50&op_blur=50&wid=15&hei=15&qlt=80&fmt=webp","https://target.scene7.com/is/image/Target/GUEST_660f1ef9-c8be-45d4-a69e-2d6076bb3896?cropN=0.552%2C0.218%2C0.048%2C0.048&size=50%2C50&op_blur=50&wid=15&hei=15&qlt=80&fmt=webp","https://target.scene7.com/is/image/Target/baseswatch?color=172%2C193%2C209&wid=15&hei=15&qlt=80&fmt=webp","arrives Thu, Apr 30","Shipping dates may vary","","https://target.scene7.com/is/image/Target/GUEST_6f52df8c-f1c7-40d5-b9fb-e9d45eedfcff?qlt=65&fmt=webp&hei=350&wid=350","View similar","","","",""
"https://www.target.com/p/women-s-high-rise-drawstring-soft-utility-jeans-universal-thread/-/A-94899075?preselect=94890947#lnk=sametab","https://target.scene7.com/is/image/Target/GUEST_e3adb995-944d-4ae5-9e7f-3efcec262399?qlt=65&fmt=webp&hei=350&wid=350","$40.00","Women’s High-Rise Drawstring Soft Utility Jeans - Universal Thread™","Universal Thread","[object Object]","https://target.scene7.com/is/image/Target/baseswatch?color=243%2C243%2C244&wid=15&hei=15&qlt=80&fmt=webp","https://target.scene7.com/is/image/Target/baseswatch?color=157%2C183%2C197&wid=15&hei=15&qlt=80&fmt=webp","","arrives Thu, Apr 30","Shipping dates may vary","100+","https://target.scene7.com/is/image/Target/GUEST_ac9e2f9a-9c78-4d65-9ae2-6d30649a4696?qlt=65&fmt=webp&hei=350&wid=350","View similar","","","",""
"https://www.target.com/p/levi-s-women-s-middy-loose-bootcut-jeans/-/A-94837808?preselect=94771005#lnk=sametab","https://target.scene7.com/is/image/Target/GUEST_09a84603-2a1c-4163-9686-fe8ddbf601e8?qlt=65&fmt=webp&hei=350&wid=350","$74.99","Levi's® Women's Middy Loose Bootcut Jeans","Levi's","[object Object]","https://target.scene7.com/is/image/Target/baseswatch?color=204%2C211%2C220&wid=15&hei=15&qlt=80&fmt=webp","https://target.scene7.com/is/image/Target/baseswatch?color=32%2C48%2C71&wid=15&hei=15&qlt=80&fmt=webp","https://target.scene7.com/is/image/Target/baseswatch?color=197%2C200%2C196&wid=15&hei=15&qlt=80&fmt=webp","arrives Thu, Apr 30","Shipping dates may vary","100+","https://target.scene7.com/is/image/Target/GUEST_43ea05e9-39b2-42bf-8ead-714efd67bc43?qlt=65&fmt=webp&hei=350&wid=350","","","","",""
"https://www.target.com/p/levi-s-women-s-cinch-barrel-jeans/-/A-94472379?preselect=94417227#lnk=sametab","https://target.scene7.com/is/image/Target/GUEST_a6af40a8-805a-4b6f-8a86-8ed49ed5d74c?qlt=65&fmt=webp&hei=350&wid=350","$74.99","Levi's® Women's Cinch Barrel Jeans","Levi's","[object Object]","https://target.scene7.com/is/image/Target/GUEST_87ac492e-7e3c-4d33-b6d3-0118f8b22dc4?cropN=0.566%2C0.624%2C0.040%2C0.040&size=50%2C50&op_blur=50&wid=15&hei=15&qlt=80&fmt=webp","https://target.scene7.com/is/image/Target/baseswatch?color=106%2C131%2C164&wid=15&hei=15&qlt=80&fmt=webp","https://target.scene7.com/is/image/Target/baseswatch?color=45%2C54%2C70&wid=15&hei=15&qlt=80&fmt=webp","arrives Thu, Apr 30","Shipping dates may vary","","","","","","",""
"https://www.target.com/p/levi-s-women-s-ultra-high-rise-ribcage-straight-jeans/-/A-85994186?preselect=94417143#lnk=sametab","https://target.scene7.com/is/image/Target/GUEST_8acb1e66-d221-4c4f-bd2a-209581231edc?qlt=65&fmt=webp&hei=350&wid=350","$48.99 - $74.99","Levi's® Women's Ultra-High Rise Ribcage Straight Jeans","Levi's","[object Object]","https://target.scene7.com/is/image/Target/GUEST_134f87a4-d765-4a37-a82b-decad644b85d?cropN=0.35%2C0.4%2C0.0625%2C0.0625&sizeN=150%2C150&wid=15&hei=15&qlt=80&fmt=webp","https://target.scene7.com/is/image/Target/GUEST_ca9bb0ac-7b5d-45ca-b10a-7d220960a100?cropN=0.53%2C0.22%2C0.0625%2C0.0625&sizeN=150%2C150&wid=15&hei=15&qlt=80&fmt=webp","https://target.scene7.com/is/image/Target/baseswatch?color=44%2C60%2C84&wid=15&hei=15&qlt=80&fmt=webp","arrives Thu, Apr 30","Shipping dates may vary","100+","https://target.scene7.com/is/image/Target/GUEST_5e6ee1cc-f296-407f-b69a-9a418b07b4fa?qlt=65&fmt=webp&hei=350&wid=350","","","","",""
"https://www.target.com/p/women-s-high-rise-striped-barrel-jeans-universal-thread-white/-/A-1010573726?preselect=94765870#lnk=sametab","https://target.scene7.com/is/image/Target/GUEST_7b06358a-5adc-4d79-a615-b32aab1f53f5?qlt=65&fmt=webp&hei=350&wid=350","$38.00","Women's High-Rise Striped Barrel Jeans - Universal Thread™ White","Universal Thread","[object Object]","","","","arrives Thu, Apr 30","Shipping dates may vary","","https://target.scene7.com/is/image/Target/GUEST_27ef1f91-45ce-4803-89e0-c48c58edf795?qlt=65&fmt=webp&hei=350&wid=350","View similar","Only 1 left","at  Sacramento SW","Pickup","ready within 2 hours"
"https://www.target.com/p/women-s-80-s-slim-mid-rise-ankle-length-pant-universal-thread/-/A-94938590?preselect=1003954086#lnk=sametab","https://target.scene7.com/is/image/Target/GUEST_8d5cafd3-c440-440f-8f5a-72c4434aa731?qlt=65&fmt=webp&hei=350&wid=350","$35.00","Women's 80's Slim Mid-Rise Ankle Length Pant - Universal Thread™","Universal Thread","[object Object]","https://target.scene7.com/is/image/Target/baseswatch?color=68%2C92%2C116&wid=15&hei=15&qlt=80&fmt=webp","https://target.scene7.com/is/image/Target/baseswatch?color=206%2C219%2C230&wid=15&hei=15&qlt=80&fmt=webp","https://target.scene7.com/is/image/Target/baseswatch?color=162%2C179%2C201&wid=15&hei=15&qlt=80&fmt=webp","arrives Thu, Apr 30","Shipping dates may vary","1k+","https://target.scene7.com/is/image/Target/GUEST_5d12b9cd-2427-4b64-91b6-7cfe0faa4718?qlt=65&fmt=webp&hei=350&wid=350","View similar","","","",""
"https://www.target.com/p/women-s-low-rise-straight-leg-jeans-wild-fable/-/A-94882657?preselect=94861362#lnk=sametab","https://target.scene7.com/is/image/Target/GUEST_37e1f88a-c101-49b5-bf16-4a23931bc761?qlt=65&fmt=webp&hei=350&wid=350","$28.00","Women's Low-Rise Straight Leg Jeans - Wild Fable™","Wild Fable","[object Object]","https://target.scene7.com/is/image/Target/baseswatch?color=107%2C136%2C162&wid=15&hei=15&qlt=80&fmt=webp","https://target.scene7.com/is/image/Target/baseswatch?color=72%2C100%2C140&wid=15&hei=15&qlt=80&fmt=webp","https://target.scene7.com/is/image/Target/GUEST_37e1f88a-c101-49b5-bf16-4a23931bc761?cropN=0.48333344%2C0.47666672%2C0.07%2C0.07&wid=15&hei=15&qlt=80&fmt=webp","arrives Thu, Apr 30","Shipping dates may vary","","https://target.scene7.com/is/image/Target/GUEST_029d0d23-0b6f-47b9-a57e-c1cda4658d1b?qlt=65&fmt=webp&hei=350&wid=350","","Only 2 left","at  Sacramento SW","Pickup","ready within 2 hours"
"https://www.target.com/p/women-s-high-rise-easy-barrel-jeans-universal-thread/-/A-94860304?preselect=94765834#lnk=sametab","https://target.scene7.com/is/image/Target/GUEST_060ac2ac-e9d4-4241-8f57-4b357db47e98?qlt=65&fmt=webp&hei=350&wid=350","$38.00","Women's High-Rise Easy Barrel Jeans - Universal Thread™","Universal Thread","[object Object]","https://target.scene7.com/is/image/Target/baseswatch?color=244%2C244%2C244&wid=15&hei=15&qlt=80&fmt=webp","https://target.scene7.com/is/image/Target/baseswatch?color=133%2C159%2C197&wid=15&hei=15&qlt=80&fmt=webp","","arrives Thu, Apr 30","Shipping dates may vary","","","","Only 2 left","at  Sacramento SW","Pickup","ready within 2 hours"
"https://www.target.com/p/women-s-everyday-high-rise-straight-jeans-universal-thread/-/A-94441213?preselect=94333043#lnk=sametab","https://target.scene7.com/is/image/Target/GUEST_f91fee29-6e00-4d9e-b93e-51eac209590a?qlt=65&fmt=webp&hei=350&wid=350","$28.00","Women's High-Rise Straight Jeans - Universal Thread™","Universal Thread","[object Object]","https://target.scene7.com/is/image/Target/baseswatch?color=89%2C121%2C158&wid=15&hei=15&qlt=80&fmt=webp","https://target.scene7.com/is/image/Target/GUEST_7dd45cc0-f51e-45b1-a28b-e06a60561d5f?cropN=0.661%2C0.719%2C0.040%2C0.040&size=50%2C50&op_blur=50&wid=15&hei=15&qlt=80&fmt=webp","https://target.scene7.com/is/image/Target/GUEST_88d2c8c9-4d30-4c8e-81c1-0f86f95d1636?cropN=0.502%2C0.095%2C0.070%2C0.070&size=50%2C50&op_blur=50&wid=15&hei=15&qlt=80&fmt=webp","arrives Sat, May 2","Shipping dates may vary","1k+","","","","","",""
"https://www.target.com/p/women-s-highest-rise-vintage-straight-jeans-universal-thread/-/A-94836116?preselect=94802702#lnk=sametab","https://target.scene7.com/is/image/Target/GUEST_7e7bd437-863b-48dc-8bbf-10c558b10be7?qlt=65&fmt=webp&hei=350&wid=350","$30.40 - $38.00","Women's Highest-Rise Vintage Straight Jeans - Universal Thread™","Universal Thread","[object Object]","https://target.scene7.com/is/image/Target/GUEST_a4951055-e54d-45a5-893d-afd80ad71e56?cropN=0.3759723%2C0.29152784%2C0.08333343%2C0.08333343&wid=15&hei=15&qlt=80&fmt=webp","https://target.scene7.com/is/image/Target/GUEST_19737df0-760e-4ef4-8c90-bab00460369a?cropN=0.42833328%2C0.335%2C0.04333328%2C0.04333328&wid=15&hei=15&qlt=80&fmt=webp","https://target.scene7.com/is/image/Target/GUEST_7e7bd437-863b-48dc-8bbf-10c558b10be7?cropN=0.4%2C0.27666673%2C0.06%2C0.06&wid=15&hei=15&qlt=80&fmt=webp","arrives Thu, Apr 30","Shipping dates may vary","","","","Only 1 left","at  Sacramento SW","Pickup","ready within 2 hours"
"https://www.target.com/p/women-s-highest-rise-striped-sailor-straight-jeans-universal-thread-white/-/A-94836317?preselect=94766026#lnk=sametab","https://target.scene7.com/is/image/Target/GUEST_a5216b39-e90b-4c8d-acd4-065e95d5713c?qlt=65&fmt=webp&hei=350&wid=350","$35.00","Women's Highest-Rise Striped Sailor Straight Jeans - Universal Thread™ White","Universal Thread","[object Object]","","","","arrives Thu, Apr 30","Shipping dates may vary","800+","","","Only 1 left","at  Sacramento SW","Pickup","ready within 2 hours"
"https://www.target.com/p/kbb-by-kahlana-women-s-mid-rise-barrel-leg-the-kahlana-jean/-/A-94903589?preselect=94893212#lnk=sametab","https://target.scene7.com/is/image/Target/GUEST_494f5542-8968-48ab-9b53-774286acb631?qlt=65&fmt=webp&hei=350&wid=350","$50.00","KBB by KAHLANA Women's Mid-Rise Barrel Leg 'The Kahlana Jean'","KBB by Kahlana","[object Object]","https://target.scene7.com/is/image/Target/GUEST_f85bc51e-4d83-42a5-9060-a1db8dd935f7?cropN=0.55416656%2C0.4833333%2C0.029166717%2C0.029166717&wid=15&hei=15&qlt=80&fmt=webp","https://target.scene7.com/is/image/Target/GUEST_ac591444-46c2-401e-8d94-26721e649712?cropN=0.414%2C0.694%2C0.040%2C0.040&size=50%2C50&op_blur=50&wid=15&hei=15&qlt=80&fmt=webp","","arrives Thu, Apr 30","Shipping dates may vary","100+","","","Only 2 left","at  Rancho Cordova","Delivery","as soon as 6pm"
"https://www.target.com/p/kbb-by-kahlana-women-s-barrel-leg-the-paper-bag-jean/-/A-94908565?preselect=94892870#lnk=sametab","https://target.scene7.com/is/image/Target/GUEST_9ffa78a8-7236-4630-b9a7-1762cf90ca7c?qlt=65&fmt=webp&hei=350&wid=350","$55.00","KBB by KAHLANA Women's Barrel Leg 'The Paper Bag Jean'","KBB by Kahlana","[object Object]","https://target.scene7.com/is/image/Target/GUEST_c8bec096-2fa7-4501-a432-b57a2423f347?cropN=0.5604167%2C0.75%2C0.03541664%2C0.03541664&wid=15&hei=15&qlt=80&fmt=webp","","","arrives Thu, Apr 30","Shipping dates may vary","","","","","","",""
"https://www.target.com/p/levi-s-women-s-501-jeans/-/A-92690344?preselect=92463576#lnk=sametab","https://target.scene7.com/is/image/Target/GUEST_0af4b9e5-37bc-498e-a97f-a1047e73b166?qlt=65&fmt=webp&hei=350&wid=350","$69.99 - $74.99","Levi's® Women's High-Rise 501® Jeans","Levi's","[object Object]","https://target.scene7.com/is/image/Target/GUEST_4d16cd0e-6dbb-4f51-8f2e-6182fb00047d?cropN=0.591%2C0.188%2C0.040%2C0.040&size=50%2C50&op_blur=50&wid=15&hei=15&qlt=80&fmt=webp","https://target.scene7.com/is/image/Target/baseswatch?color=173%2C183%2C191&wid=15&hei=15&qlt=80&fmt=webp","https://target.scene7.com/is/image/Target/GUEST_b49a3522-e22b-4228-a44e-2bbcbf58316d?cropN=0.3788887%2C0.34111094%2C0.09555565%2C0.09555565&wid=15&hei=15&qlt=80&fmt=webp","arrives Thu, Apr 30","Shipping dates may vary","100+","","","","","",""
"https://www.target.com/p/women-s-highest-rise-sailor-straight-jeans-universal-thread/-/A-94856190?preselect=94766082#lnk=sametab","https://target.scene7.com/is/image/Target/GUEST_46331308-1b65-4cb6-860b-f0d4aaaf3978?qlt=65&fmt=webp&hei=350&wid=350","$29.75","Women's Highest-Rise Sailor Straight Jeans - Universal Thread™","Universal Thread","[object Object]","","","","","","100+","https://target.scene7.com/is/image/Target/GUEST_1e75c423-e97f-488c-a8d2-065d20f87b58?qlt=65&fmt=webp&hei=350&wid=350","View similar","","","",""
"https://www.target.com/p/women-s-mid-rise-painter-boyfriend-jeans-universal-thread-khaki/-/A-94905668?preselect=94766775#lnk=sametab","https://target.scene7.com/is/image/Target/GUEST_3387539e-9dc9-44e6-9856-e944232f5a73?qlt=65&fmt=webp&hei=350&wid=350","$40.00","Women's Mid-Rise Striped Painter Boyfriend Jeans - Universal Thread™ Khaki","Universal Thread","[object Object]","","","","arrives Thu, Apr 30","Shipping dates may vary","","https://target.scene7.com/is/image/Target/GUEST_38ddfc25-45db-4d6f-abce-d96498ea77db?qlt=65&fmt=webp&hei=350&wid=350","View similar","","","",""
"https://www.target.com/p/women-s-high-rise-patchwork-vintage-straight-cropped-jeans-universal-thread-medium-wash/-/A-95010798?preselect=94988648#lnk=sametab","https://target.scene7.com/is/image/Target/GUEST_9e4510dc-7f6b-44f0-a7e7-bfae216d2713?qlt=65&fmt=webp&hei=350&wid=350","$38.00","Women’s High-Rise Patchwork Vintage Straight Cropped Jeans - Universal Thread™ Medium Wash","Universal Thread","[object Object]","","","","arrives Thu, Apr 30","Shipping dates may vary","","https://target.scene7.com/is/image/Target/GUEST_5a044400-faab-4b8b-b75a-142be25dffa8?qlt=65&fmt=webp&hei=350&wid=350","View similar","Only 1 left","at  Sacramento SW","Pickup","ready within 2 hours"
"https://www.target.com/p/levi-s-women-s-724-high-rise-straight-jeans/-/A-86370039?preselect=88232205#lnk=sametab","https://target.scene7.com/is/image/Target/GUEST_c2daae40-b6af-4ce9-b60a-5fc30404a038?qlt=65&fmt=webp&hei=350&wid=350","$64.99","Levi's® Women's 724™ High-Rise Straight Jeans","Levi's","[object Object]","https://target.scene7.com/is/image/Target/GUEST_8c45ab26-ccd1-4adf-ae38-5b162c7b9ee1?wid=15&hei=15&qlt=80&fmt=webp","https://target.scene7.com/is/image/Target/GUEST_c2daae40-b6af-4ce9-b60a-5fc30404a038?cropN=0.55%2C0.48%2C0.1%2C0.1&sizeN=100%2C100&wid=15&hei=15&qlt=80&fmt=webp","https://target.scene7.com/is/image/Target/baseswatch?color=28%2C44%2C68&wid=15&hei=15&qlt=80&fmt=webp","arrives Thu, Apr 30","Shipping dates may vary","","","","","","",""
"https://www.target.com/p/levi-s-women-s-high-rise-wedgie-straight-cropped-jeans/-/A-1011053856?preselect=90864754#lnk=sametab","https://target.scene7.com/is/image/Target/GUEST_1c2afbab-2c15-4c7a-9a49-bb3147ebb670?qlt=65&fmt=webp&hei=350&wid=350","$52.49 - $74.99","Levi's® Women's High-Rise Wedgie Straight Cropped Jeans","Levi's","[object Object]","https://target.scene7.com/is/image/Target/GUEST_65f9d300-afbf-4b77-984a-4fe6e6137a78?cropN=0.35624993%2C0.68541664%2C0.050000075%2C0.050000075&wid=15&hei=15&qlt=80&fmt=webp","https://target.scene7.com/is/image/Target/GUEST_11529cd8-6618-4dad-866d-e7f398cf6303?cropN=0.5%2C0.49%2C0.0625%2C0.0625&sizeN=150%2C150&wid=15&hei=15&qlt=80&fmt=webp","","arrives Thu, May 7","Shipping dates may vary","100+","","","","","",""
"https://www.target.com/p/levi-s-women-s-superlow-loose-jeans/-/A-92690358?preselect=94771293#lnk=sametab","https://target.scene7.com/is/image/Target/GUEST_7b09b60f-7f24-472e-b7a5-d0fb3654fd67?qlt=65&fmt=webp&hei=350&wid=350","$74.99","Levi's® Women's Low-Rise Superlow Loose Jeans","Levi's","[object Object]","https://target.scene7.com/is/image/Target/GUEST_7b6e7598-b0c2-4738-8272-f10cb56531f0?cropN=0.660%2C0.221%2C0.040%2C0.040&size=50%2C50&op_blur=50&wid=15&hei=15&qlt=80&fmt=webp","https://target.scene7.com/is/image/Target/GUEST_a7990e55-d22d-48e7-9c6a-f6691f7fc29e?cropN=0.365%2C0.221%2C0.040%2C0.040&size=50%2C50&op_blur=50&wid=15&hei=15&qlt=80&fmt=webp","https://target.scene7.com/is/image/Target/baseswatch?color=188%2C196%2C205&wid=15&hei=15&qlt=80&fmt=webp","arrives Thu, Apr 30","Shipping dates may vary","","","","","","",""
"https://www.target.com/p/women-s-high-rise-vintage-straight-cropped-jeans-universal-thread-light-wash/-/A-94960967?preselect=94967584#lnk=sametab","https://target.scene7.com/is/image/Target/GUEST_742e0978-4b04-45c1-82c3-d9df6c7adaef?qlt=65&fmt=webp&hei=350&wid=350","$38.00","Women's High-Rise Vintage Straight Cropped Jeans - Universal Thread™ Light Wash","Universal Thread","[object Object]","","","","arrives Thu, Apr 30","Shipping dates may vary","100+","https://target.scene7.com/is/image/Target/GUEST_5bc91ae1-2bbb-434d-9fd1-dc3df5386f78?qlt=65&fmt=webp&hei=350&wid=350","View similar","Only 2 left","at  Sacramento SW","Pickup","ready within 2 hours"
"https://www.target.com/p/women-s-high-rise-90-s-vintage-straight-jeans-universal-thread/-/A-87185655?preselect=86824085#lnk=sametab","https://target.scene7.com/is/image/Target/GUEST_b0a30d8f-6ac6-41f4-b82a-bf380f142a7d?qlt=65&fmt=webp&hei=350&wid=350","$36.00","Women's High-Rise 90's Straight Jeans - Universal Thread™","Universal Thread","[object Object]","https://target.scene7.com/is/image/Target/GUEST_5862275b-b085-40bf-bfca-f3ce679c1ed7?cropN=0.38541663%2C0.40416667%2C0.050000075%2C0.050000075&wid=15&hei=15&qlt=80&fmt=webp","","","arrives Thu, Apr 30","Shipping dates may vary","","https://target.scene7.com/is/image/Target/GUEST_5862275b-b085-40bf-bfca-f3ce679c1ed7?qlt=65&fmt=webp&hei=350&wid=350","View similar","","","",""
"https://www.target.com/p/women-s-low-rise-relaxed-denim-flare-jeans-universal-thread/-/A-94988455?preselect=94975326#lnk=sametab","https://target.scene7.com/is/image/Target/GUEST_8d1e673f-be6e-443b-9f24-f58aa4662b1c?qlt=65&fmt=webp&hei=350&wid=350","$40.00","Women's Low-Rise Relaxed Denim Flare Jeans - Universal Thread™","Universal Thread","","https://target.scene7.com/is/image/Target/GUEST_af22a4e9-bdec-47e4-86c8-0405c81a9006?cropN=0.389%2C0.767%2C0.040%2C0.040&size=50%2C50&op_blur=50&wid=15&hei=15&qlt=80&fmt=webp","https://target.scene7.com/is/image/Target/GUEST_8d1e673f-be6e-443b-9f24-f58aa4662b1c?cropN=0.539%2C0.198%2C0.048%2C0.048&size=50%2C50&op_blur=50&wid=15&hei=15&qlt=80&fmt=webp","","arrives Thu, Apr 30","Shipping dates may vary","","https://target.scene7.com/is/image/Target/GUEST_45190af6-c76c-45d6-a15a-4763481167bf?qlt=65&fmt=webp&hei=350&wid=350","","","","",""
"https://www.target.com/p/women-s-low-rise-baggy-jeans-wild-fable/-/A-94439237?preselect=94804067#lnk=sametab","https://target.scene7.com/is/image/Target/GUEST_143fac3b-7726-4e35-8b50-e65eb425cfc4?qlt=65&fmt=webp&hei=350&wid=350","$32.00","Women's Low-Rise Baggy Jeans - Wild Fable™","Wild Fable","[object Object]","https://target.scene7.com/is/image/Target/GUEST_0953b9a2-926f-4eea-9de6-f54aa5043434?cropN=0.557%2C0.455%2C0.040%2C0.040&size=50%2C50&op_blur=50&wid=15&hei=15&qlt=80&fmt=webp","https://target.scene7.com/is/image/Target/baseswatch?color=82%2C110%2C141&wid=15&hei=15&qlt=80&fmt=webp","https://target.scene7.com/is/image/Target/GUEST_f4034de8-6d80-4856-9694-e8a83544b6b1?cropN=0.411%2C0.807%2C0.040%2C0.040&size=50%2C50&op_blur=50&wid=15&hei=15&qlt=80&fmt=webp","arrives Thu, Apr 30","Shipping dates may vary","1k+","https://target.scene7.com/is/image/Target/GUEST_9efda2d9-6e57-4a4d-9304-2e808cc5f123?qlt=65&fmt=webp&hei=350&wid=350","","Only 2 left","at  Sacramento SW","Pickup","ready within 2 hours"
"https://www.target.com/p/women-s-90-s-mid-rise-relaxed-straight-pull-on-pants-wild-fable/-/A-94591447?preselect=94407946#lnk=sametab","https://target.scene7.com/is/image/Target/GUEST_36c673a4-da50-474b-8aff-f856bdf10a2a?qlt=65&fmt=webp&hei=350&wid=350","$28.00","Women's 90's Mid-Rise Relaxed Straight Jeans - Wild Fable™","Wild Fable","[object Object]","https://target.scene7.com/is/image/Target/baseswatch?color=153%2C173%2C188&wid=15&hei=15&qlt=80&fmt=webp","https://target.scene7.com/is/image/Target/GUEST_2cd5dd3b-02d0-44a8-9435-c1fb72118e34?cropN=0.468%2C0.448%2C0.055%2C0.055&size=50%2C50&op_blur=50&wid=15&hei=15&qlt=80&fmt=webp","","arrives Thu, Apr 30","Shipping dates may vary","1k+","https://target.scene7.com/is/image/Target/GUEST_dab817b1-c600-40ed-915f-31cab07c2389?qlt=65&fmt=webp&hei=350&wid=350","","Only 2 left","at  Sacramento SW","Pickup","ready within 2 hours"
"https://www.target.com/p/women-s-low-rise-flare-babyboot-pants-wild-fable/-/A-94882652?preselect=94861018#lnk=sametab","https://target.scene7.com/is/image/Target/GUEST_82d16e4e-f010-4ac9-b27c-c45980cbd773?qlt=65&fmt=webp&hei=350&wid=350","$32.00","Women's Low-Rise Flare Babyboot Pants - Wild Fable™","Wild Fable","[object Object]","https://target.scene7.com/is/image/Target/GUEST_2d468921-d3e9-4f59-b4ec-573f373ef3a3?cropN=0.608%2C0.826%2C0.040%2C0.040&size=50%2C50&op_blur=50&wid=15&hei=15&qlt=80&fmt=webp","https://target.scene7.com/is/image/Target/baseswatch?color=54%2C76%2C107&wid=15&hei=15&qlt=80&fmt=webp","https://target.scene7.com/is/image/Target/GUEST_1da44a47-047e-4be8-be2a-07784289ad30?cropN=0.515%2C0.612%2C0.048%2C0.048&size=50%2C50&op_blur=50&wid=15&hei=15&qlt=80&fmt=webp","arrives Thu, Apr 30","Shipping dates may vary","2k+","https://target.scene7.com/is/image/Target/GUEST_3a09d8e3-f279-45ff-8075-29bfd7f4cd7e?qlt=65&fmt=webp&hei=350&wid=350","","Only 2 left","at  Sacramento SW","Pickup","ready within 2 hours"
"https://www.target.com/p/women-s-mid-rise-flare-jeans-wild-fable/-/A-94882685?preselect=94861148#lnk=sametab","https://target.scene7.com/is/image/Target/GUEST_c91e3be0-e6ac-4cfa-9170-31080344ae3e?qlt=65&fmt=webp&hei=350&wid=350","$32.00","Women's Mid-Rise Flare Curvy Jeans - Wild Fable™","Wild Fable","[object Object]","https://target.scene7.com/is/image/Target/GUEST_61390694-75d3-4007-89aa-51db0e41696e?cropN=0.468%2C0.793%2C0.040%2C0.040&size=50%2C50&op_blur=50&wid=15&hei=15&qlt=80&fmt=webp","https://target.scene7.com/is/image/Target/GUEST_c91e3be0-e6ac-4cfa-9170-31080344ae3e?cropN=0.538%2C0.451%2C0.040%2C0.040&size=50%2C50&op_blur=50&wid=15&hei=15&qlt=80&fmt=webp","https://target.scene7.com/is/image/Target/baseswatch?color=188%2C206%2C228&wid=15&hei=15&qlt=80&fmt=webp","arrives Thu, Apr 30","Shipping dates may vary","1k+","https://target.scene7.com/is/image/Target/GUEST_3d9735db-f131-4128-8408-4f4eb945e4fb?qlt=65&fmt=webp&hei=350&wid=350","","Only 3 left","at  Sacramento SW","Pickup","ready within 2 hours"
"https://www.target.com/p/levi-s-women-s-725-high-rise-bootcut-jeans/-/A-94837817?preselect=94779589#lnk=sametab","https://target.scene7.com/is/image/Target/GUEST_5f27046d-d151-4704-86f2-68215559bd8c?qlt=65&fmt=webp&hei=350&wid=350","$64.99","Levi's® Women's 725 High-Rise Bootcut Jeans","Levi's","[object Object]","https://target.scene7.com/is/image/Target/GUEST_5f27046d-d151-4704-86f2-68215559bd8c?cropN=0.381%2C0.147%2C0.040%2C0.040&size=50%2C50&op_blur=50&wid=15&hei=15&qlt=80&fmt=webp","https://target.scene7.com/is/image/Target/baseswatch?color=68%2C84%2C100&wid=15&hei=15&qlt=80&fmt=webp","https://target.scene7.com/is/image/Target/GUEST_d2a1042a-383b-41c8-ae05-61e1d7d8e377?cropN=0.33958328%2C0.2708333%2C0.05833328%2C0.05833328&wid=15&hei=15&qlt=80&fmt=webp","arrives Thu, Apr 30","Shipping dates may vary","","https://target.scene7.com/is/image/Target/GUEST_f59eeb45-543a-4a23-bba4-c47eea47a8c9?qlt=65&fmt=webp&hei=350&wid=350","View similar","","","",""
"https://www.target.com/p/women-s-mid-rise-baggy-leg-easy-pull-on-jeans-wild-fable/-/A-95031507?preselect=95025474#lnk=sametab","https://target.scene7.com/is/image/Target/GUEST_0e2eaae3-3d84-435e-973f-fad49aed56e5?qlt=65&fmt=webp&hei=350&wid=350","$35.00","Women's Mid-Rise Baggy Leg Easy Pull-On Jeans - Wild Fable™","Wild Fable","[object Object]","https://target.scene7.com/is/image/Target/GUEST_550fbea4-4860-464a-9991-3f35e4f58ae5?cropN=0.595%2C0.678%2C0.040%2C0.040&size=50%2C50&op_blur=50&wid=15&hei=15&qlt=80&fmt=webp","https://target.scene7.com/is/image/Target/baseswatch?color=61%2C101%2C136&wid=15&hei=15&qlt=80&fmt=webp","","arrives Tue, May 5","Shipping dates may vary","200+","https://target.scene7.com/is/image/Target/GUEST_3eb6d762-34dd-4b26-9067-3a2901d425e7?qlt=65&fmt=webp&hei=350&wid=350","View similar","","","",""
"https://www.target.com/p/women-s-low-rise-baggy-leg-jeans-wild-fable-short-long/-/A-94882613?preselect=94852832#lnk=sametab","https://target.scene7.com/is/image/Target/GUEST_ce611a7d-11f1-483f-a5f1-a829ce5d2229?qlt=65&fmt=webp&hei=350&wid=350","$32.00","Women's Low-Rise Baggy Leg Jeans - Wild Fable™ Short/Long","Wild Fable","[object Object]","https://target.scene7.com/is/image/Target/baseswatch?color=145%2C173%2C196&wid=15&hei=15&qlt=80&fmt=webp","https://target.scene7.com/is/image/Target/baseswatch?color=86%2C115%2C144&wid=15&hei=15&qlt=80&fmt=webp","","arrives Tue, May 5","Shipping dates may vary","","https://target.scene7.com/is/image/Target/GUEST_9643f8b5-0141-482b-bcb9-b5f01ebdc4d6?qlt=65&fmt=webp&hei=350&wid=350","View similar","","","",""
"https://www.target.com/p/women-s-mid-rise-curvy-flare-jeans-wild-fable/-/A-94882684?preselect=94861191#lnk=sametab","https://target.scene7.com/is/image/Target/GUEST_73401536-2a6d-4ebd-9e6f-856ce9344024?qlt=65&fmt=webp&hei=350&wid=350","$32.00","Women's Mid-Rise Curvy Flare Jeans - Wild Fable™","Wild Fable","[object Object]","https://target.scene7.com/is/image/Target/baseswatch?color=54%2C68%2C79&wid=15&hei=15&qlt=80&fmt=webp","https://target.scene7.com/is/image/Target/baseswatch?color=61%2C77%2C102&wid=15&hei=15&qlt=80&fmt=webp","https://target.scene7.com/is/image/Target/GUEST_7e051705-9651-4682-83f3-e672c67b48a6?cropN=0.410%2C0.824%2C0.040%2C0.040&size=50%2C50&op_blur=50&wid=15&hei=15&qlt=80&fmt=webp","arrives Thu, Apr 30","Shipping dates may vary","","https://target.scene7.com/is/image/Target/GUEST_31e40d5c-e86b-4a4e-a036-ca58f6175e8a?qlt=65&fmt=webp&hei=350&wid=350","View similar","","","",""
"https://www.target.com/p/women-s-low-rise-baggy-jeans-wild-fable/-/A-94884649?preselect=94803711#lnk=sametab","https://target.scene7.com/is/image/Target/GUEST_200ab779-5120-4f5c-920c-56920cb42b68?qlt=65&fmt=webp&hei=350&wid=350","$32.00","Women's Low-Rise Loose-Fit Baggy Jeans - Wild Fable™","Wild Fable","[object Object]","https://target.scene7.com/is/image/Target/GUEST_200ab779-5120-4f5c-920c-56920cb42b68?cropN=0.461%2C0.590%2C0.040%2C0.040&size=50%2C50&op_blur=50&wid=15&hei=15&qlt=80&fmt=webp","https://target.scene7.com/is/image/Target/baseswatch?color=58%2C92%2C125&wid=15&hei=15&qlt=80&fmt=webp","https://target.scene7.com/is/image/Target/GUEST_57365fda-46d9-47ed-aba8-d6f40f9ad406?cropN=0.440%2C0.610%2C0.040%2C0.040&size=50%2C50&op_blur=50&wid=15&hei=15&qlt=80&fmt=webp","arrives Thu, May 7","Shipping dates may vary","","https://target.scene7.com/is/image/Target/GUEST_a7f302b2-b712-458a-937b-07b9d7c2acac?qlt=65&fmt=webp&hei=350&wid=350","","","","",""
"https://www.target.com/p/levi-s-women-s-724-high-rise-straight-jeans/-/A-86370039?preselect=94771321#lnk=sametab","https://target.scene7.com/is/image/Target/GUEST_2f68ef81-a1cc-46f7-81e2-1c6960b808e3?qlt=65&fmt=webp&hei=350&wid=350","$64.99","Levi's® Women's 724™ High-Rise Straight Jeans","Levi's","[object Object]","https://target.scene7.com/is/image/Target/GUEST_8c45ab26-ccd1-4adf-ae38-5b162c7b9ee1?wid=15&hei=15&qlt=80&fmt=webp","https://target.scene7.com/is/image/Target/GUEST_c2daae40-b6af-4ce9-b60a-5fc30404a038?cropN=0.55%2C0.48%2C0.1%2C0.1&sizeN=100%2C100&wid=15&hei=15&qlt=80&fmt=webp","https://target.scene7.com/is/image/Target/baseswatch?color=28%2C44%2C68&wid=15&hei=15&qlt=80&fmt=webp","arrives Thu, Apr 30","Shipping dates may vary","","https://target.scene7.com/is/image/Target/GUEST_b6f20706-6b56-49f6-a327-b576ec53bdef?qlt=65&fmt=webp&hei=350&wid=350","","","","",""
"https://www.target.com/p/levi-s-women-s-super-low-rise-bootcut-jeans/-/A-90969993?preselect=94417334#lnk=sametab","https://target.scene7.com/is/image/Target/GUEST_976e2364-a541-4ae2-85b0-0938b5bddbf9?qlt=65&fmt=webp&hei=350&wid=350","$74.99","Levi's® Women's Super-Low Rise Bootcut Jeans","Levi's","[object Object]","https://target.scene7.com/is/image/Target/GUEST_8a1da791-e303-4613-8ea4-588ea36a76c5?cropN=0.41041663%2C0.2770834%2C0.05208336%2C0.05208336&wid=15&hei=15&qlt=80&fmt=webp","https://target.scene7.com/is/image/Target/baseswatch?color=68%2C76%2C92&wid=15&hei=15&qlt=80&fmt=webp","","arrives Tue, May 5","Shipping dates may vary","","https://target.scene7.com/is/image/Target/GUEST_9caf0c24-746a-4beb-ba8b-7d5ddbe95b83?qlt=65&fmt=webp&hei=350&wid=350","","","","",""
"https://www.target.com/p/women-s-low-rise-flare-jeans-wild-fable/-/A-90904725?preselect=90633470#lnk=sametab","https://target.scene7.com/is/image/Target/GUEST_0622875a-49aa-4fcc-9256-92c7a76c9764?qlt=65&fmt=webp&hei=350&wid=350","$28.00","Women's Low-Rise Flare Jeans - Wild Fable™","Wild Fable","[object Object]","https://target.scene7.com/is/image/Target/GUEST_ff838727-d4cd-4c4e-b886-ea7c0c66b0da?cropN=0.58%2C0.48%2C0.0625%2C0.0625&sizeN=150%2C150&wid=15&hei=15&qlt=80&fmt=webp","https://target.scene7.com/is/image/Target/GUEST_d2e12bd1-11a9-437f-84c4-c4681fc734c3?cropN=0.56%2C0.35%2C0.069999844%2C0.069999844&wid=15&hei=15&qlt=80&fmt=webp","","arrives Tue, May 5","Shipping dates may vary","","https://target.scene7.com/is/image/Target/GUEST_da4ef333-9af9-45c0-8e74-3d12ef5854fc?qlt=65&fmt=webp&hei=350&wid=350","","","","",""
"https://www.target.com/p/levi-s-women-s-726-high-rise-flare-jeans/-/A-85994111?preselect=94798655#lnk=sametab","https://target.scene7.com/is/image/Target/GUEST_c6f6c691-1d8e-43a7-9aee-62c7b957fd49?qlt=65&fmt=webp&hei=350&wid=350","$59.99 - $64.99","Levi's® Women's 726™ High-Rise Flare Jeans","Levi's","[object Object]","https://target.scene7.com/is/image/Target/GUEST_bb5104b0-97f0-4241-8d92-7a33c2eb792d?wid=15&hei=15&qlt=80&fmt=webp","","","arrives Thu, May 7","Shipping dates may vary","","https://target.scene7.com/is/image/Target/GUEST_ddc9a995-aec3-41ec-b2b3-701a311ec155?qlt=65&fmt=webp&hei=350&wid=350","","","","",""
"https://www.target.com/p/women-s-mid-rise-barrel-leg-jeans-wild-fable/-/A-94882645?preselect=94860968#lnk=sametab","https://target.scene7.com/is/image/Target/GUEST_d9283720-e872-4d4e-89a4-d21f3c664b52?qlt=65&fmt=webp&hei=350&wid=350","$30.00","Women's Mid-Rise Barrel Leg Jeans - Wild Fable™","Wild Fable","","","","","arrives Thu, Apr 30","Shipping dates may vary","","https://target.scene7.com/is/image/Target/GUEST_02ae3172-3de4-4bf0-b31e-1b0939f998a7?qlt=65&fmt=webp&hei=350&wid=350","","","","",""
"https://www.target.com/p/women-s-low-rise-baggy-curvy-jeans-wild-fable/-/A-94822296?preselect=94822436#lnk=sametab","https://target.scene7.com/is/image/Target/GUEST_de1c41df-75e9-4fea-8b2b-56844e517d62?qlt=65&fmt=webp&hei=350&wid=350","$32.00","Women's Low-Rise Baggy Curvy Jeans - Wild Fable™","Wild Fable","[object Object]","https://target.scene7.com/is/image/Target/GUEST_0953b9a2-926f-4eea-9de6-f54aa5043434?cropN=0.557%2C0.455%2C0.040%2C0.040&size=50%2C50&op_blur=50&wid=15&hei=15&qlt=80&fmt=webp","https://target.scene7.com/is/image/Target/baseswatch?color=75%2C96%2C121&wid=15&hei=15&qlt=80&fmt=webp","","arrives Thu, Apr 30","Shipping dates may vary","","https://target.scene7.com/is/image/Target/GUEST_5c477d5f-afc3-4770-98de-d9612667a8d6?qlt=65&fmt=webp&hei=350&wid=350","","","","",""
"https://www.target.com/p/kbb-by-kahlana-women-s-mid-rise-wide-leg-the-kahlana-jean-dark-wash/-/A-94680227?preselect=94660314#lnk=sametab","https://target.scene7.com/is/image/Target/GUEST_33fd6b0e-dc52-44b7-9d8c-62bfe02b717d?qlt=65&fmt=webp&hei=350&wid=350","$45.00","KBB by KAHLANA Women's Mid-Rise Wide Leg 'The Kahlana Jean' - Dark Wash","KBB by Kahlana","[object Object]","","","","arrives Sat, May 2","Shipping dates may vary","","https://target.scene7.com/is/image/Target/GUEST_11ad46ef-c8eb-49da-9852-9e85580edf70?qlt=65&fmt=webp&hei=350&wid=350","","","","",""
"https://www.target.com/p/kbb-by-kahlana-women-s-mid-rise-barrel-leg-the-lynnox-jean-dark-wash/-/A-94680226?preselect=94893062#lnk=sametab","https://target.scene7.com/is/image/Target/GUEST_adac1357-2c0f-467a-b005-f895a6371c5e?qlt=65&fmt=webp&hei=350&wid=350","$45.00 - $55.00","KBB by KAHLANA Women's Mid-Rise Barrel Leg 'The Lynnox Jean'","KBB by Kahlana","[object Object]","https://target.scene7.com/is/image/Target/GUEST_e83f047b-448a-43ae-8c4f-144857a299ed?cropN=0.41249993%2C0.39375%2C0.05%2C0.05&wid=15&hei=15&qlt=80&fmt=webp","https://target.scene7.com/is/image/Target/GUEST_732d7305-8e78-444c-bf6c-e1e19ff72f6b?cropN=0.40208328%2C0.72916657%2C0.029166717%2C0.029166717&wid=15&hei=15&qlt=80&fmt=webp","","arrives Thu, Apr 30","Shipping dates may vary","200+","https://target.scene7.com/is/image/Target/GUEST_cefe26cd-1e3d-4a78-8aba-c786ffd074da?qlt=65&fmt=webp&hei=350&wid=350","","","","",""
"https://www.target.com/p/kbb-by-kahlana-women-s-barrel-leg-the-paper-bag-jean/-/A-94908565?preselect=94893500#lnk=sametab","https://target.scene7.com/is/image/Target/GUEST_c8bec096-2fa7-4501-a432-b57a2423f347?qlt=65&fmt=webp&hei=350&wid=350","$55.00","KBB by KAHLANA Women's Barrel Leg 'The Paper Bag Jean'","KBB by Kahlana","[object Object]","https://target.scene7.com/is/image/Target/GUEST_c8bec096-2fa7-4501-a432-b57a2423f347?cropN=0.5604167%2C0.75%2C0.03541664%2C0.03541664&wid=15&hei=15&qlt=80&fmt=webp","","","arrives Thu, Apr 30","Shipping dates may vary","200+","https://target.scene7.com/is/image/Target/GUEST_d49f605f-ca1b-4ba0-a97d-bf613daf9e57?qlt=65&fmt=webp&hei=350&wid=350","","Only 2 left","at  Rancho Cordova","Delivery","as soon as 6pm"
"https://www.target.com/p/kbb-by-kahlana-women-s-mid-rise-barrel-leg-the-kahlana-jean-light-pink/-/A-95278346?preselect=94892988#lnk=sametab","https://target.scene7.com/is/image/Target/GUEST_d8d3f664-47ba-4e27-ac42-8e5d242c8e91?qlt=65&fmt=webp&hei=350&wid=350","$42.50","KBB by KAHLANA Women's Mid-Rise Barrel Leg 'The Kahlana Jean' - Light Pink","KBB by Kahlana","[object Object]","","","","arrives Thu, Apr 30","Shipping dates may vary","100+","","","","","",""
"https://www.target.com/p/kbb-by-kahlana-women-s-low-rise-wide-leg-the-rachel-jean-black-wash/-/A-94680692?preselect=94660379#lnk=sametab","https://target.scene7.com/is/image/Target/GUEST_caa79136-f210-49f5-afb2-ef40cd0a1a7b?qlt=65&fmt=webp&hei=350&wid=350","$50.00","KBB by KAHLANA Women's Low-Rise Wide Leg 'The Rachel Jean' - Black Wash","KBB by Kahlana","[object Object]","","","","arrives Thu, Apr 30","Shipping dates may vary","","https://target.scene7.com/is/image/Target/GUEST_55837085-3407-444a-b319-8158cb8c0b37?qlt=65&fmt=webp&hei=350&wid=350","","","","",""
"https://www.target.com/p/women-s-mid-rise-barrel-jeans-wild-fable/-/A-94438803?preselect=94407041#lnk=sametab","https://target.scene7.com/is/image/Target/GUEST_b2a325b8-fbad-40d1-9f4d-62f71f6f3535?qlt=65&fmt=webp&hei=350&wid=350","$19.50","Women's Mid-Rise Barrel Jeans - Wild Fable™","Wild Fable","[object Object]","https://target.scene7.com/is/image/Target/GUEST_6ee42bd3-38d7-47c5-951b-47716d0006f4?cropN=0.431%2C0.603%2C0.040%2C0.040&size=50%2C50&op_blur=50&wid=15&hei=15&qlt=80&fmt=webp","https://target.scene7.com/is/image/Target/GUEST_b2a325b8-fbad-40d1-9f4d-62f71f6f3535?cropN=0.588%2C0.518%2C0.040%2C0.040&size=50%2C50&op_blur=50&wid=15&hei=15&qlt=80&fmt=webp","","arrives Tue, May 5","Shipping dates may vary","400+","https://target.scene7.com/is/image/Target/GUEST_f9b13265-776e-404e-b057-043946913351?qlt=65&fmt=webp&hei=350&wid=350","View similar","","","",""
"https://www.target.com/p/women-s-high-rise-skinny-jeans-ava-viv/-/A-87279140?preselect=87220178#lnk=sametab","https://target.scene7.com/is/image/Target/GUEST_92cff874-95c9-42ed-92e1-f3543d94da8c?qlt=65&fmt=webp&hei=350&wid=350","$30.00","Women's High-Rise Skinny Jeans - Ava & Viv™","Ava & Viv","[object Object]","https://target.scene7.com/is/image/Target/GUEST_715131de-a903-4a85-812c-da2117d10937?cropN=0.59%2C0.36%2C0.0625%2C0.0625&sizeN=150%2C150&wid=15&hei=15&qlt=80&fmt=webp","https://target.scene7.com/is/image/Target/GUEST_bdf9f36d-ba49-4a95-9729-4110dd3ba467?cropN=0.4%2C0.23%2C0.0625%2C0.0625&sizeN=150%2C150&wid=15&hei=15&qlt=80&fmt=webp","https://target.scene7.com/is/image/Target/GUEST_92cff874-95c9-42ed-92e1-f3543d94da8c?cropN=0.43%2C0.58%2C0.0625%2C0.0625&sizeN=150%2C150&wid=15&hei=15&qlt=80&fmt=webp","arrives Thu, Apr 30","Shipping dates may vary","900+","https://target.scene7.com/is/image/Target/GUEST_c27e5af9-4207-4c99-baae-3a8224ab4158?qlt=65&fmt=webp&hei=350&wid=350","View similar","","","",""
"https://www.target.com/p/women-s-high-rise-straight-leg-jeans-ava-viv-rose-print/-/A-94799326?preselect=94799346#lnk=sametab","https://target.scene7.com/is/image/Target/GUEST_815c24d7-c6a6-4dd6-95a1-745c18aa865d?qlt=65&fmt=webp&hei=350&wid=350","$28.00","Women's High-Rise Straight Leg Jeans - Ava & Viv™ Rose Print","Ava & Viv","[object Object]","","","","arrives Thu, Apr 30","Shipping dates may vary","","https://target.scene7.com/is/image/Target/GUEST_c20ed84b-6b63-4061-b01e-859f79c521cb?qlt=65&fmt=webp&hei=350&wid=350","View similar","","","",""
"https://www.target.com/p/women-s-high-rise-vintage-flare-jeans-ava-viv/-/A-94884541?preselect=94820321#lnk=sametab","https://target.scene7.com/is/image/Target/GUEST_4d787009-1842-4d71-9993-3009c9d2c4a6?qlt=65&fmt=webp&hei=350&wid=350","$40.00","Women's High-Rise Vintage Flare Jeans - Ava & Viv™","Ava & Viv","[object Object]","","","","arrives Thu, Apr 30","Shipping dates may vary","300+","https://target.scene7.com/is/image/Target/GUEST_8107893e-208a-4f49-a6c7-aefb77d6e931?qlt=65&fmt=webp&hei=350&wid=350","View similar","","","",""
"https://www.target.com/p/women-s-high-rise-wide-leg-jeans-ava-viv/-/A-94483554?preselect=94466221#lnk=sametab","https://target.scene7.com/is/image/Target/GUEST_9c1309cf-6b4f-42fb-aedc-b9c35ba1119d?qlt=65&fmt=webp&hei=350&wid=350","$36.00","Women's High-Rise Wide Leg Jeans - Ava & Viv™","Ava & Viv","[object Object]","https://target.scene7.com/is/image/Target/GUEST_fa5e468a-505b-4ba0-9c5b-4647fb0a7bf0?cropN=0.37291664%2C0.27500007%2C0.05%2C0.05&wid=15&hei=15&qlt=80&fmt=webp","https://target.scene7.com/is/image/Target/GUEST_dcf8c8a6-aa89-4fe6-a693-3770410679e4?cropN=0.40208337%2C0.62083334%2C0.05%2C0.05&wid=15&hei=15&qlt=80&fmt=webp","","arrives Thu, Apr 30","Shipping dates may vary","500+","https://target.scene7.com/is/image/Target/GUEST_dcf8c8a6-aa89-4fe6-a693-3770410679e4?qlt=65&fmt=webp&hei=350&wid=350","","","","",""
"https://www.target.com/p/women-s-high-rise-tie-front-straight-leg-beach-jeans-ava-viv-light-wash/-/A-94891687?preselect=94825965#lnk=sametab","https://target.scene7.com/is/image/Target/GUEST_09863faf-5fa3-45f6-9513-75841d1be939?qlt=65&fmt=webp&hei=350&wid=350","$40.00","Women's High-Rise Tie-Front Straight Leg Beach Jeans - Ava & Viv™ Light Wash","Ava & Viv","[object Object]","","","","arrives Thu, Apr 30","Shipping dates may vary","500+","https://target.scene7.com/is/image/Target/GUEST_6f28db35-fdcb-4d0d-b91b-1aeb37c0e959?qlt=65&fmt=webp&hei=350&wid=350","","","","",""
"https://www.target.com/p/women-s-high-rise-comfort-stretch-straight-leg-jeans-ava-viv-blue-denim-floral/-/A-94948032?preselect=94930143#lnk=sametab","https://target.scene7.com/is/image/Target/GUEST_3909060c-06a2-4200-88d2-3b5014d7a756?qlt=65&fmt=webp&hei=350&wid=350","$42.00","Women's High-Rise Comfort Stretch Straight Leg Jeans - Ava & Viv™ Blue Denim Floral","Ava & Viv","[object Object]","","","","arrives Thu, Apr 30","Shipping dates may vary","","https://target.scene7.com/is/image/Target/GUEST_5b9d60b8-788a-4ffa-ac8c-68391e739b2c?qlt=65&fmt=webp&hei=350&wid=350","","","","",""
"https://www.target.com/p/women-s-high-rise-straight-leg-jeans-ava-viv/-/A-94484275?preselect=94466266#lnk=sametab","https://target.scene7.com/is/image/Target/GUEST_9b00bca6-2b0a-4d6f-b1a3-ea33dcbaf7b1?qlt=65&fmt=webp&hei=350&wid=350","$36.00","Women's High-Rise Straight Leg Jeans - Ava & Viv™","Ava & Viv","[object Object]","https://target.scene7.com/is/image/Target/GUEST_cee6f1cc-795d-4c90-93b1-fc1526ef08ed?cropN=0.54375%2C0.25%2C0.10625%2C0.10625&wid=15&hei=15&qlt=80&fmt=webp","https://target.scene7.com/is/image/Target/GUEST_b267816e-a1a6-48d9-b2b0-5a6d1f56a07d?cropN=0.5645833%2C0.2875%2C0.047916718%2C0.047916718&wid=15&hei=15&qlt=80&fmt=webp","https://target.scene7.com/is/image/Target/GUEST_9b00bca6-2b0a-4d6f-b1a3-ea33dcbaf7b1?cropN=0.575%2C0.3625%2C0.08333328%2C0.08333328&wid=15&hei=15&qlt=80&fmt=webp","arrives Thu, Apr 30","Shipping dates may vary","400+","https://target.scene7.com/is/image/Target/GUEST_af11b13b-b7bf-4f03-bbf7-b4f86ee9e295?qlt=65&fmt=webp&hei=350&wid=350","","","","",""
"https://www.target.com/p/women-s-high-rise-tailored-cropped-wide-leg-jeans-ava-viv-medium-wash/-/A-94891661?preselect=94825947#lnk=sametab","https://target.scene7.com/is/image/Target/GUEST_41281285-076c-4f56-874a-fb3363aa81bf?qlt=65&fmt=webp&hei=350&wid=350","$40.00","Women's High-Rise Tailored Cropped Wide Leg Jeans - Ava & Viv™ Medium Wash","Ava & Viv","[object Object]","","","","arrives Thu, Apr 30","Shipping dates may vary","100+","https://target.scene7.com/is/image/Target/GUEST_15e7487d-2e0c-4601-8781-f7ae29e56c11?qlt=65&fmt=webp&hei=350&wid=350","","","","",""
"https://www.target.com/p/women-s-baggy-pull-on-cargo-pants-ava-viv-blue-denim/-/A-94783762?preselect=94783799#lnk=sametab","https://target.scene7.com/is/image/Target/GUEST_4ff9eeef-bd6c-4075-b570-ad136e4e0c7f?qlt=65&fmt=webp&hei=350&wid=350","$40.00","Women's Baggy Pull-On Cargo Pants - Ava & Viv™ Blue Denim","Ava & Viv","[object Object]","","","","arrives Thu, Apr 30","Shipping dates may vary","100+","https://target.scene7.com/is/image/Target/GUEST_0fe27eb7-da5b-4c3d-bc47-bf7ab4d2226d?qlt=65&fmt=webp&hei=350&wid=350","","","","",""
"https://www.target.com/p/women-s-high-rise-kick-flare-jeans-ava-viv-vintage-light-wash/-/A-94945209?preselect=94825957#lnk=sametab","https://target.scene7.com/is/image/Target/GUEST_d383ad6d-cacf-47c0-89de-09f8e72af015?qlt=65&fmt=webp&hei=350&wid=350","$40.00","Women's High-Rise Kick Flare Jeans - Ava & Viv™ Vintage Light Wash","Ava & Viv","[object Object]","","","","arrives Thu, Apr 30","Shipping dates may vary","100+","https://target.scene7.com/is/image/Target/GUEST_c33dd968-9d5c-4210-9957-022d9c69d012?qlt=65&fmt=webp&hei=350&wid=350","","","","",""
"https://www.target.com/p/women-s-straight-leg-embellished-jeans-ava-viv-medium-wash/-/A-94794856?preselect=94764237#lnk=sametab","https://target.scene7.com/is/image/Target/GUEST_70db0d97-0ff4-4e18-b035-3bde61445468?qlt=65&fmt=webp&hei=350&wid=350","$22.50","Women's Straight Leg Embellished Jeans - Ava & Viv™ Medium Wash","Ava & Viv","[object Object]","","","","arrives Thu, Apr 30","Shipping dates may vary","","https://target.scene7.com/is/image/Target/GUEST_6559032a-f8e1-4180-b280-be30482bc30c?qlt=65&fmt=webp&hei=350&wid=350","","","","",""
"https://www.target.com/p/women-s-high-rise-straight-leg-jeans-ava-viv-blue-pinstripe/-/A-94817712?preselect=94820259#lnk=sametab","https://target.scene7.com/is/image/Target/GUEST_71bbf6dc-75e2-4f65-ad6d-5f24d7f8d54c?qlt=65&fmt=webp&hei=350&wid=350","$40.00","Women's High-Rise Straight Leg Jeans - Ava & Viv™ Blue Pinstripe","Ava & Viv","[object Object]","","","","arrives Thu, Apr 30","Shipping dates may vary","100+","","","Only 1 left","at  Rancho Cordova","Delivery","as soon as 6pm"
"https://www.target.com/p/women-s-mid-rise-boyfriend-jeans-ava-viv-medium-wash/-/A-94818719?preselect=94820339#lnk=sametab","https://target.scene7.com/is/image/Target/GUEST_5c6a3fc5-4920-4a43-a038-96721acafc39?qlt=65&fmt=webp&hei=350&wid=350","$40.00","Women's Mid-Rise Boyfriend Jeans - Ava & Viv™ Medium Wash","Ava & Viv","[object Object]","","","","arrives Thu, Apr 30","Shipping dates may vary","","","","","","",""
"https://www.target.com/p/women-s-mid-rise-boyfriend-jeans-ava-viv-blue-pinstripe/-/A-95061696?preselect=94930083#lnk=sametab","https://target.scene7.com/is/image/Target/GUEST_695210c3-3a87-4d0a-8a9a-35ae2d36bd34?qlt=65&fmt=webp&hei=350&wid=350","$42.00","Women's Mid-Rise Boyfriend Jeans - Ava & Viv™ Blue Pinstripe","Ava & Viv","","","","","arrives Thu, Apr 30","Shipping dates may vary","","","","","","",""
"https://www.target.com/p/women-s-high-rise-wide-leg-jeans-ava-viv/-/A-94483554?preselect=94466221#lnk=sametab","https://target.scene7.com/is/image/Target/GUEST_9c1309cf-6b4f-42fb-aedc-b9c35ba1119d?qlt=65&fmt=webp&hei=350&wid=350","$36.00","Women's High-Rise Wide Leg Jeans - Ava & Viv™","Ava & Viv","[object Object]","https://target.scene7.com/is/image/Target/GUEST_fa5e468a-505b-4ba0-9c5b-4647fb0a7bf0?cropN=0.37291664%2C0.27500007%2C0.05%2C0.05&wid=15&hei=15&qlt=80&fmt=webp","https://target.scene7.com/is/image/Target/GUEST_dcf8c8a6-aa89-4fe6-a693-3770410679e4?cropN=0.40208337%2C0.62083334%2C0.05%2C0.05&wid=15&hei=15&qlt=80&fmt=webp","","arrives Thu, Apr 30","Shipping dates may vary","500+","https://target.scene7.com/is/image/Target/GUEST_dcf8c8a6-aa89-4fe6-a693-3770410679e4?qlt=65&fmt=webp&hei=350&wid=350","View similar","","","",""
"https://www.target.com/p/women-s-high-rise-tie-front-straight-leg-beach-jeans-ava-viv-light-wash/-/A-94891687?preselect=94825965#lnk=sametab","https://target.scene7.com/is/image/Target/GUEST_09863faf-5fa3-45f6-9513-75841d1be939?qlt=65&fmt=webp&hei=350&wid=350","$40.00","Women's High-Rise Tie-Front Straight Leg Beach Jeans - Ava & Viv™ Light Wash","Ava & Viv","[object Object]","","","","arrives Thu, Apr 30","Shipping dates may vary","500+","https://target.scene7.com/is/image/Target/GUEST_6f28db35-fdcb-4d0d-b91b-1aeb37c0e959?qlt=65&fmt=webp&hei=350&wid=350","View similar","","","",""
"https://www.target.com/p/women-s-high-rise-comfort-stretch-straight-leg-jeans-ava-viv-blue-denim-floral/-/A-94948032?preselect=94930143#lnk=sametab","https://target.scene7.com/is/image/Target/GUEST_3909060c-06a2-4200-88d2-3b5014d7a756?qlt=65&fmt=webp&hei=350&wid=350","$42.00","Women's High-Rise Comfort Stretch Straight Leg Jeans - Ava & Viv™ Blue Denim Floral","Ava & Viv","[object Object]","","","","arrives Thu, Apr 30","Shipping dates may vary","","https://target.scene7.com/is/image/Target/GUEST_5b9d60b8-788a-4ffa-ac8c-68391e739b2c?qlt=65&fmt=webp&hei=350&wid=350","View similar","","","",""
"https://www.target.com/p/women-s-high-rise-straight-leg-jeans-ava-viv/-/A-94484275?preselect=94466266#lnk=sametab","https://target.scene7.com/is/image/Target/GUEST_9b00bca6-2b0a-4d6f-b1a3-ea33dcbaf7b1?qlt=65&fmt=webp&hei=350&wid=350","$36.00","Women's High-Rise Straight Leg Jeans - Ava & Viv™","Ava & Viv","[object Object]","https://target.scene7.com/is/image/Target/GUEST_cee6f1cc-795d-4c90-93b1-fc1526ef08ed?cropN=0.54375%2C0.25%2C0.10625%2C0.10625&wid=15&hei=15&qlt=80&fmt=webp","https://target.scene7.com/is/image/Target/GUEST_b267816e-a1a6-48d9-b2b0-5a6d1f56a07d?cropN=0.5645833%2C0.2875%2C0.047916718%2C0.047916718&wid=15&hei=15&qlt=80&fmt=webp","https://target.scene7.com/is/image/Target/GUEST_9b00bca6-2b0a-4d6f-b1a3-ea33dcbaf7b1?cropN=0.575%2C0.3625%2C0.08333328%2C0.08333328&wid=15&hei=15&qlt=80&fmt=webp","arrives Thu, Apr 30","Shipping dates may vary","400+","https://target.scene7.com/is/image/Target/GUEST_af11b13b-b7bf-4f03-bbf7-b4f86ee9e295?qlt=65&fmt=webp&hei=350&wid=350","View similar","","","",""
"https://www.target.com/p/women-s-high-rise-tailored-cropped-wide-leg-jeans-ava-viv-medium-wash/-/A-94891661?preselect=94825947#lnk=sametab","https://target.scene7.com/is/image/Target/GUEST_41281285-076c-4f56-874a-fb3363aa81bf?qlt=65&fmt=webp&hei=350&wid=350","$40.00","Women's High-Rise Tailored Cropped Wide Leg Jeans - Ava & Viv™ Medium Wash","Ava & Viv","[object Object]","","","","arrives Thu, Apr 30","Shipping dates may vary","100+","https://target.scene7.com/is/image/Target/GUEST_15e7487d-2e0c-4601-8781-f7ae29e56c11?qlt=65&fmt=webp&hei=350&wid=350","View similar","","","",""
"https://www.target.com/p/women-s-baggy-pull-on-cargo-pants-ava-viv-blue-denim/-/A-94783762?preselect=94783799#lnk=sametab","https://target.scene7.com/is/image/Target/GUEST_4ff9eeef-bd6c-4075-b570-ad136e4e0c7f?qlt=65&fmt=webp&hei=350&wid=350","$40.00","Women's Baggy Pull-On Cargo Pants - Ava & Viv™ Blue Denim","Ava & Viv","[object Object]","","","","arrives Thu, Apr 30","Shipping dates may vary","100+","https://target.scene7.com/is/image/Target/GUEST_0fe27eb7-da5b-4c3d-bc47-bf7ab4d2226d?qlt=65&fmt=webp&hei=350&wid=350","View similar","","","",""
"https://www.target.com/p/women-s-high-rise-kick-flare-jeans-ava-viv-vintage-light-wash/-/A-94945209?preselect=94825957#lnk=sametab","https://target.scene7.com/is/image/Target/GUEST_d383ad6d-cacf-47c0-89de-09f8e72af015?qlt=65&fmt=webp&hei=350&wid=350","$40.00","Women's High-Rise Kick Flare Jeans - Ava & Viv™ Vintage Light Wash","Ava & Viv","[object Object]","","","","arrives Thu, Apr 30","Shipping dates may vary","100+","https://target.scene7.com/is/image/Target/GUEST_c33dd968-9d5c-4210-9957-022d9c69d012?qlt=65&fmt=webp&hei=350&wid=350","View similar","","","",""
"https://www.target.com/p/women-s-straight-leg-embellished-jeans-ava-viv-medium-wash/-/A-94794856?preselect=94764237#lnk=sametab","https://target.scene7.com/is/image/Target/GUEST_70db0d97-0ff4-4e18-b035-3bde61445468?qlt=65&fmt=webp&hei=350&wid=350","$22.50","Women's Straight Leg Embellished Jeans - Ava & Viv™ Medium Wash","Ava & Viv","[object Object]","","","","arrives Thu, Apr 30","Shipping dates may vary","","https://target.scene7.com/is/image/Target/GUEST_6559032a-f8e1-4180-b280-be30482bc30c?qlt=65&fmt=webp&hei=350&wid=350","View similar","","","",""
"https://www.target.com/p/women-s-high-rise-straight-leg-jeans-ava-viv-blue-pinstripe/-/A-94817712?preselect=94820259#lnk=sametab","https://target.scene7.com/is/image/Target/GUEST_71bbf6dc-75e2-4f65-ad6d-5f24d7f8d54c?qlt=65&fmt=webp&hei=350&wid=350","$40.00","Women's High-Rise Straight Leg Jeans - Ava & Viv™ Blue Pinstripe","Ava & Viv","[object Object]","","","","arrives Thu, Apr 30","Shipping dates may vary","100+","https://target.scene7.com/is/image/Target/GUEST_654c57de-3c3b-4c9f-8b25-724e4a230a80?qlt=65&fmt=webp&hei=350&wid=350","View similar","Only 1 left","at  Rancho Cordova","Delivery","as soon as 6pm"
"https://www.target.com/p/women-s-mid-rise-boyfriend-jeans-ava-viv-medium-wash/-/A-94818719?preselect=94820339#lnk=sametab","https://target.scene7.com/is/image/Target/GUEST_5c6a3fc5-4920-4a43-a038-96721acafc39?qlt=65&fmt=webp&hei=350&wid=350","$40.00","Women's Mid-Rise Boyfriend Jeans - Ava & Viv™ Medium Wash","Ava & Viv","[object Object]","","","","arrives Thu, Apr 30","Shipping dates may vary","","https://target.scene7.com/is/image/Target/GUEST_5294db0d-3379-4f5f-8a11-e70accef09a3?qlt=65&fmt=webp&hei=350&wid=350","View similar","","","",""
"https://www.target.com/p/women-s-mid-rise-boyfriend-jeans-ava-viv-blue-pinstripe/-/A-95061696?preselect=94930083#lnk=sametab","https://target.scene7.com/is/image/Target/GUEST_695210c3-3a87-4d0a-8a9a-35ae2d36bd34?qlt=65&fmt=webp&hei=350&wid=350","$42.00","Women's Mid-Rise Boyfriend Jeans - Ava & Viv™ Blue Pinstripe","Ava & Viv","","","","","arrives Thu, Apr 30","Shipping dates may vary","","https://target.scene7.com/is/image/Target/GUEST_4906f4c0-3f29-4019-88ec-c15985b931f7?qlt=65&fmt=webp&hei=350&wid=350","View similar","","","",""